0 verbose cli C:\Program Files\nodejs\node.exe C:\Program Files\nodejs\node_modules\npm\bin\npm-cli.js
1 info using npm@8.19.3
2 info using node@v19.1.0
3 timing npm:load:whichnode Completed in 0ms
4 timing config:load:defaults Completed in 1ms
5 timing config:load:file:C:\Program Files\nodejs\node_modules\npm\npmrc Completed in 3ms
6 timing config:load:builtin Completed in 4ms
7 timing config:load:cli Completed in 1ms
8 timing config:load:env Completed in 1ms
9 timing config:load:project Completed in 3ms
10 timing config:load:file:D:\Usuario\Documents\repos\Marca\neurion\.npmrc Completed in 0ms
11 timing config:load:user Completed in 0ms
12 timing config:load:file:C:\Users\Renato\AppData\Roaming\npm\etc\npmrc Completed in 1ms
13 timing config:load:global Completed in 1ms
14 timing config:load:validate Completed in 0ms
15 timing config:load:credentials Completed in 1ms
16 timing config:load:setEnvs Completed in 1ms
17 timing config:load Completed in 13ms
18 timing npm:load:configload Completed in 13ms
19 timing npm:load:mkdirpcache Completed in 0ms
20 timing npm:load:mkdirplogs Completed in 42ms
21 verbose title npm install
22 verbose argv "install"
23 timing npm:load:setTitle Completed in 1ms
24 timing config:load:flatten Completed in 2ms
25 timing npm:load:display Completed in 2ms
26 verbose logfile logs-max:10 dir:D:\Usuario\Documents\repos\Marca\neurion\.npm-cache\_logs
27 verbose logfile D:\Usuario\Documents\repos\Marca\neurion\.npm-cache\_logs\2026-04-29T03_38_32_223Z-debug-0.log
28 timing npm:load:logFile Completed in 4ms
29 timing npm:load:timers Completed in 0ms
30 timing npm:load:configScope Completed in 0ms
31 timing npm:load Completed in 62ms
32 timing arborist:ctor Completed in 1ms
33 silly logfile done cleaning log files
34 timing arborist:ctor Completed in 0ms
35 timing idealTree:init Completed in 8ms
36 timing idealTree:userRequests Completed in 0ms
37 silly idealTree buildDeps
38 silly fetch manifest react@^18.3.1
39 http fetch GET 200 https://registry.npmjs.org/npm 250ms (cache miss)
40 http fetch GET 200 https://registry.npmjs.org/react 244ms (cache miss)
41 silly fetch manifest react-dom@^18.3.1
42 http fetch GET 200 https://registry.npmjs.org/react-dom 187ms (cache miss)
43 silly fetch manifest @vitejs/plugin-react@^4.3.1
44 http fetch GET 200 https://registry.npmjs.org/@vitejs%2fplugin-react 59ms (cache miss)
45 silly fetch manifest vite@^5.4.10
46 http fetch GET 200 https://registry.npmjs.org/vite 96ms (cache miss)
47 silly fetch manifest @types/node@^18.0.0 || >=20.0.0
48 http fetch GET 200 https://registry.npmjs.org/@types%2fnode 142ms (cache miss)
49 silly fetch manifest less@*
50 http fetch GET 200 https://registry.npmjs.org/less 47ms (cache miss)
51 silly fetch manifest lightningcss@^1.21.0
52 http fetch GET 200 https://registry.npmjs.org/lightningcss 239ms (cache miss)
53 silly fetch manifest sass@*
54 http fetch GET 200 https://registry.npmjs.org/sass 60ms (cache miss)
55 silly fetch manifest sass-embedded@*
56 http fetch GET 200 https://registry.npmjs.org/sass-embedded 48ms (cache miss)
57 silly fetch manifest stylus@*
58 http fetch GET 200 https://registry.npmjs.org/stylus 605ms (cache miss)
59 silly fetch manifest sugarss@*
60 http fetch GET 200 https://registry.npmjs.org/sugarss 229ms (cache miss)
61 silly fetch manifest postcss@^8.4.49
62 http fetch GET 200 https://registry.npmjs.org/postcss 57ms (cache miss)
63 silly fetch manifest terser@^5.4.0
64 http fetch GET 200 https://registry.npmjs.org/terser 54ms (cache miss)
65 silly fetch manifest autoprefixer@^10.4.20
66 http fetch GET 200 https://registry.npmjs.org/autoprefixer 47ms (cache miss)
67 silly fetch manifest tailwindcss@^3.4.17
68 http fetch GET 200 https://registry.npmjs.org/tailwindcss 169ms (cache miss)
69 silly placeDep ROOT @vitejs/plugin-react@4.7.0 OK for: neurion-lab-landing@0.1.0 want: ^4.3.1
70 silly placeDep ROOT vite@5.4.21 OK for: @vitejs/plugin-react@4.7.0 want: ^4.2.0 || ^5.0.0 || ^6.0.0 || ^7.0.0
71 silly placeDep ROOT autoprefixer@10.5.0 OK for: neurion-lab-landing@0.1.0 want: ^10.4.20
72 silly placeDep ROOT postcss@8.5.12 OK for: autoprefixer@10.5.0 want: ^8.1.0
73 silly placeDep ROOT react@18.3.1 OK for: neurion-lab-landing@0.1.0 want: ^18.3.1
74 silly placeDep ROOT react-dom@18.3.1 OK for: neurion-lab-landing@0.1.0 want: ^18.3.1
75 silly placeDep ROOT tailwindcss@3.4.19 OK for: neurion-lab-landing@0.1.0 want: ^3.4.17
76 silly fetch manifest @babel/core@^7.28.0
77 silly fetch manifest react-refresh@^0.17.0
78 silly fetch manifest @types/babel__core@^7.20.5
79 silly fetch manifest @rolldown/pluginutils@1.0.0-beta.27
80 silly fetch manifest @babel/plugin-transform-react-jsx-self@^7.27.1
81 silly fetch manifest @babel/plugin-transform-react-jsx-source@^7.27.1
82 silly fetch manifest rollup@^4.20.0
83 silly fetch manifest esbuild@^0.21.3
84 silly fetch manifest fsevents@~2.3.3
85 silly fetch manifest browserslist@^4.28.2
86 silly fetch manifest caniuse-lite@^1.0.30001787
87 silly fetch manifest fraction.js@^5.3.4
88 silly fetch manifest picocolors@^1.1.1
89 silly fetch manifest postcss-value-parser@^4.2.0
90 silly fetch manifest nanoid@^3.3.11
91 silly fetch manifest source-map-js@^1.2.1
92 silly fetch manifest loose-envify@^1.1.0
93 silly fetch manifest scheduler@^0.23.2
94 silly fetch manifest arg@^5.0.2
95 silly fetch manifest dlv@^1.1.3
96 silly fetch manifest jiti@^1.21.7
97 silly fetch manifest is-glob@^4.0.3
98 silly fetch manifest resolve@^1.22.8
99 silly fetch manifest sucrase@^3.35.0
100 silly fetch manifest chokidar@^3.6.0
101 silly fetch manifest fast-glob@^3.3.2
102 silly fetch manifest lilconfig@^3.1.3
103 silly fetch manifest didyoumean@^1.2.2
104 silly fetch manifest micromatch@^4.0.8
105 silly fetch manifest postcss-js@^4.0.1
106 silly fetch manifest glob-parent@^6.0.2
107 silly fetch manifest object-hash@^3.0.0
108 silly fetch manifest normalize-path@^3.0.0
109 silly fetch manifest postcss-import@^15.1.0
110 silly fetch manifest postcss-nested@^6.2.0
111 silly fetch manifest @alloc/quick-lru@^5.2.0
112 silly fetch manifest postcss-load-config@^4.0.2 || ^5.0 || ^6.0
113 silly fetch manifest postcss-selector-parser@^6.1.2
114 http fetch GET 200 https://registry.npmjs.org/@babel%2fcore 88ms (cache miss)
115 http fetch GET 200 https://registry.npmjs.org/source-map-js 123ms (cache miss)
116 http fetch GET 200 https://registry.npmjs.org/picocolors 129ms (cache miss)
117 http fetch GET 200 https://registry.npmjs.org/postcss-value-parser 139ms (cache miss)
118 http fetch GET 200 https://registry.npmjs.org/fsevents 149ms (cache miss)
119 http fetch GET 200 https://registry.npmjs.org/@babel%2fplugin-transform-react-jsx-source 158ms (cache miss)
120 http fetch GET 200 https://registry.npmjs.org/@types%2fbabel__core 162ms (cache miss)
121 http fetch GET 200 https://registry.npmjs.org/@babel%2fplugin-transform-react-jsx-self 164ms (cache miss)
122 http fetch GET 200 https://registry.npmjs.org/loose-envify 156ms (cache miss)
123 http fetch GET 200 https://registry.npmjs.org/nanoid 161ms (cache miss)
124 http fetch GET 200 https://registry.npmjs.org/browserslist 170ms (cache miss)
125 http fetch GET 200 https://registry.npmjs.org/is-glob 168ms (cache miss)
126 http fetch GET 200 https://registry.npmjs.org/jiti 199ms (cache miss)
127 http fetch GET 200 https://registry.npmjs.org/fast-glob 207ms (cache miss)
128 http fetch GET 200 https://registry.npmjs.org/sucrase 210ms (cache miss)
129 http fetch GET 200 https://registry.npmjs.org/resolve 219ms (cache miss)
130 http fetch GET 200 https://registry.npmjs.org/micromatch 223ms (cache miss)
131 http fetch GET 200 https://registry.npmjs.org/postcss-js 226ms (cache miss)
132 http fetch GET 200 https://registry.npmjs.org/glob-parent 227ms (cache miss)
133 http fetch GET 200 https://registry.npmjs.org/caniuse-lite 248ms (cache miss)
134 http fetch GET 200 https://registry.npmjs.org/react-refresh 257ms (cache miss)
135 http fetch GET 200 https://registry.npmjs.org/postcss-load-config 286ms (cache miss)
136 http fetch GET 200 https://registry.npmjs.org/postcss-nested 288ms (cache miss)
137 http fetch GET 200 https://registry.npmjs.org/@alloc%2fquick-lru 288ms (cache miss)
138 http fetch GET 200 https://registry.npmjs.org/postcss-import 290ms (cache miss)
139 http fetch GET 200 https://registry.npmjs.org/esbuild 308ms (cache miss)
140 http fetch GET 200 https://registry.npmjs.org/fraction.js 312ms (cache miss)
141 http fetch GET 200 https://registry.npmjs.org/rollup 320ms (cache miss)
142 http fetch GET 200 https://registry.npmjs.org/arg 335ms (cache miss)
143 http fetch GET 200 https://registry.npmjs.org/postcss-selector-parser 328ms (cache miss)
144 http fetch GET 200 https://registry.npmjs.org/dlv 338ms (cache miss)
145 http fetch GET 200 https://registry.npmjs.org/@rolldown%2fpluginutils 351ms (cache miss)
146 http fetch GET 200 https://registry.npmjs.org/scheduler 344ms (cache miss)
147 http fetch GET 200 https://registry.npmjs.org/lilconfig 369ms (cache miss)
148 http fetch GET 200 https://registry.npmjs.org/chokidar 378ms (cache miss)
149 http fetch GET 200 https://registry.npmjs.org/didyoumean 378ms (cache miss)
150 http fetch GET 200 https://registry.npmjs.org/normalize-path 427ms (cache miss)
151 http fetch GET 200 https://registry.npmjs.org/object-hash 428ms (cache miss)
152 timing idealTree:#root Completed in 2893ms
153 silly placeDep ROOT @babel/core@7.29.0 OK for: @vitejs/plugin-react@4.7.0 want: ^7.28.0
154 silly placeDep ROOT @babel/plugin-transform-react-jsx-self@7.27.1 OK for: @vitejs/plugin-react@4.7.0 want: ^7.27.1
155 silly placeDep ROOT @babel/plugin-transform-react-jsx-source@7.27.1 OK for: @vitejs/plugin-react@4.7.0 want: ^7.27.1
156 silly placeDep ROOT @rolldown/pluginutils@1.0.0-beta.27 OK for: @vitejs/plugin-react@4.7.0 want: 1.0.0-beta.27
157 silly placeDep ROOT @types/babel__core@7.20.5 OK for: @vitejs/plugin-react@4.7.0 want: ^7.20.5
158 silly placeDep ROOT react-refresh@0.17.0 OK for: @vitejs/plugin-react@4.7.0 want: ^0.17.0
159 silly fetch manifest debug@^4.1.0
160 silly fetch manifest json5@^2.2.3
161 silly fetch manifest semver@^6.3.1
162 silly fetch manifest gensync@^1.0.0-beta.2
163 silly fetch manifest @babel/types@^7.29.0
164 silly fetch manifest @babel/parser@^7.29.0
165 silly fetch manifest @babel/helpers@^7.28.6
166 silly fetch manifest @babel/template@^7.28.6
167 silly fetch manifest @babel/traverse@^7.29.0
168 silly fetch manifest @babel/generator@^7.29.0
169 silly fetch manifest @babel/code-frame@^7.29.0
170 silly fetch manifest convert-source-map@^2.0.0
171 silly fetch manifest @jridgewell/remapping@^2.3.5
172 silly fetch manifest @babel/helper-module-transforms@^7.28.6
173 silly fetch manifest @babel/helper-compilation-targets@^7.28.6
174 silly fetch manifest @babel/helper-plugin-utils@^7.27.1
175 silly fetch manifest @babel/types@^7.20.7
176 silly fetch manifest @babel/parser@^7.20.7
177 silly fetch manifest @types/babel__template@*
178 silly fetch manifest @types/babel__traverse@*
179 silly fetch manifest @types/babel__generator@*
180 http fetch GET 200 https://registry.npmjs.org/gensync 61ms (cache miss)
181 http fetch GET 200 https://registry.npmjs.org/json5 376ms (cache miss)
182 http fetch GET 200 https://registry.npmjs.org/convert-source-map 385ms (cache miss)
183 http fetch GET 200 https://registry.npmjs.org/@types%2fbabel__template 385ms (cache miss)
184 http fetch GET 200 https://registry.npmjs.org/debug 393ms (cache miss)
185 http fetch GET 200 https://registry.npmjs.org/@jridgewell%2fremapping 389ms (cache miss)
186 http fetch GET 200 https://registry.npmjs.org/@types%2fbabel__generator 387ms (cache miss)
187 http fetch GET 200 https://registry.npmjs.org/@types%2fbabel__traverse 389ms (cache miss)
188 http fetch GET 200 https://registry.npmjs.org/@babel%2ftemplate 395ms (cache miss)
189 http fetch GET 200 https://registry.npmjs.org/semver 398ms (cache miss)
190 http fetch GET 200 https://registry.npmjs.org/@babel%2fhelper-plugin-utils 398ms (cache miss)
191 http fetch GET 200 https://registry.npmjs.org/@babel%2fhelper-compilation-targets 399ms (cache miss)
192 http fetch GET 200 https://registry.npmjs.org/@babel%2ftypes 407ms (cache miss)
193 http fetch GET 200 https://registry.npmjs.org/@babel%2fhelper-module-transforms 406ms (cache miss)
194 http fetch GET 200 https://registry.npmjs.org/@babel%2ftypes 406ms (cache miss)
195 http fetch GET 200 https://registry.npmjs.org/@babel%2ftraverse 412ms (cache miss)
196 http fetch GET 200 https://registry.npmjs.org/@babel%2fgenerator 413ms (cache miss)
197 http fetch GET 200 https://registry.npmjs.org/@babel%2fcode-frame 415ms (cache miss)
198 http fetch GET 200 https://registry.npmjs.org/@babel%2fparser 414ms (cache miss)
199 http fetch GET 200 https://registry.npmjs.org/@babel%2fhelpers 420ms (cache miss)
200 http fetch GET 200 https://registry.npmjs.org/@babel%2fparser 424ms (cache miss)
201 timing idealTree:node_modules/@vitejs/plugin-react Completed in 433ms
202 silly fetch manifest @babel/core@^7.0.0
203 silly placeDep ROOT @babel/code-frame@7.29.0 OK for: @babel/core@7.29.0 want: ^7.29.0
204 silly placeDep ROOT @babel/generator@7.29.1 OK for: @babel/core@7.29.0 want: ^7.29.0
205 silly placeDep ROOT @babel/helper-compilation-targets@7.28.6 OK for: @babel/core@7.29.0 want: ^7.28.6
206 silly placeDep ROOT @babel/helper-module-transforms@7.28.6 OK for: @babel/core@7.29.0 want: ^7.28.6
207 silly placeDep ROOT @babel/helpers@7.29.2 OK for: @babel/core@7.29.0 want: ^7.28.6
208 silly placeDep ROOT @babel/parser@7.29.2 OK for: @babel/core@7.29.0 want: ^7.29.0
209 silly placeDep ROOT @babel/template@7.28.6 OK for: @babel/core@7.29.0 want: ^7.28.6
210 silly placeDep ROOT @babel/traverse@7.29.0 OK for: @babel/core@7.29.0 want: ^7.29.0
211 silly placeDep ROOT @babel/types@7.29.0 OK for: @babel/core@7.29.0 want: ^7.29.0
212 silly placeDep ROOT @jridgewell/remapping@2.3.5 OK for: @babel/core@7.29.0 want: ^2.3.5
213 silly placeDep ROOT convert-source-map@2.0.0 OK for: @babel/core@7.29.0 want: ^2.0.0
214 silly placeDep ROOT debug@4.4.3 OK for: @babel/core@7.29.0 want: ^4.1.0
215 silly placeDep ROOT gensync@1.0.0-beta.2 OK for: @babel/core@7.29.0 want: ^1.0.0-beta.2
216 silly placeDep ROOT json5@2.2.3 OK for: @babel/core@7.29.0 want: ^2.2.3
217 silly placeDep ROOT semver@6.3.1 OK for: @babel/core@7.29.0 want: ^6.3.1
218 silly fetch manifest js-tokens@^4.0.0
219 silly fetch manifest @babel/helper-validator-identifier@^7.28.5
220 silly fetch manifest jsesc@^3.0.2
221 silly fetch manifest @jridgewell/gen-mapping@^0.3.12
222 silly fetch manifest @jridgewell/trace-mapping@^0.3.28
223 silly fetch manifest lru-cache@^5.1.1
224 silly fetch manifest browserslist@^4.24.0
225 silly fetch manifest @babel/compat-data@^7.28.6
226 silly fetch manifest @babel/helper-validator-option@^7.27.1
227 silly fetch manifest @babel/helper-module-imports@^7.28.6
228 silly fetch manifest @babel/helper-globals@^7.28.0
229 silly fetch manifest @babel/helper-string-parser@^7.27.1
230 silly fetch manifest @jridgewell/gen-mapping@^0.3.5
231 silly fetch manifest @jridgewell/trace-mapping@^0.3.24
232 silly fetch manifest ms@^2.1.3
233 http fetch GET 200 https://registry.npmjs.org/js-tokens 53ms (cache miss)
234 http fetch GET 200 https://registry.npmjs.org/ms 45ms (cache miss)
235 http fetch GET 200 https://registry.npmjs.org/@babel%2fhelper-validator-option 58ms (cache miss)
236 http fetch GET 200 https://registry.npmjs.org/@babel%2fhelper-validator-identifier 62ms (cache miss)
237 http fetch GET 200 https://registry.npmjs.org/jsesc 63ms (cache miss)
238 http fetch GET 200 https://registry.npmjs.org/@jridgewell%2fgen-mapping 74ms (cache miss)
239 http fetch GET 200 https://registry.npmjs.org/@jridgewell%2ftrace-mapping 74ms (cache miss)
240 http fetch GET 200 https://registry.npmjs.org/@jridgewell%2ftrace-mapping 81ms (cache miss)
241 http fetch GET 200 https://registry.npmjs.org/@jridgewell%2fgen-mapping 83ms (cache miss)
242 http fetch GET 200 https://registry.npmjs.org/@babel%2fhelper-string-parser 78ms (cache miss)
243 http fetch GET 200 https://registry.npmjs.org/@babel%2fhelper-module-imports 84ms (cache miss)
244 http fetch GET 200 https://registry.npmjs.org/@babel%2fcompat-data 85ms (cache miss)
245 http fetch GET 200 https://registry.npmjs.org/lru-cache 89ms (cache miss)
246 http fetch GET 200 https://registry.npmjs.org/@babel%2fhelper-globals 86ms (cache miss)
247 timing idealTree:node_modules/@babel/core Completed in 106ms
248 silly placeDep ROOT @babel/helper-validator-identifier@7.28.5 OK for: @babel/code-frame@7.29.0 want: ^7.28.5
249 silly placeDep ROOT js-tokens@4.0.0 OK for: @babel/code-frame@7.29.0 want: ^4.0.0
250 silly placeDep ROOT picocolors@1.1.1 OK for: @babel/code-frame@7.29.0 want: ^1.1.1
251 timing idealTree:node_modules/@babel/code-frame Completed in 3ms
252 silly placeDep ROOT @jridgewell/gen-mapping@0.3.13 OK for: @babel/generator@7.29.1 want: ^0.3.12
253 silly placeDep ROOT @jridgewell/trace-mapping@0.3.31 OK for: @babel/generator@7.29.1 want: ^0.3.28
254 silly placeDep ROOT jsesc@3.1.0 OK for: @babel/generator@7.29.1 want: ^3.0.2
255 silly fetch manifest @jridgewell/sourcemap-codec@^1.5.0
256 silly fetch manifest @jridgewell/resolve-uri@^3.1.0
257 silly fetch manifest @jridgewell/sourcemap-codec@^1.4.14
258 http fetch GET 200 https://registry.npmjs.org/@jridgewell%2fsourcemap-codec 58ms (cache miss)
259 http fetch GET 200 https://registry.npmjs.org/@jridgewell%2fresolve-uri 68ms (cache miss)
260 http fetch GET 200 https://registry.npmjs.org/@jridgewell%2fsourcemap-codec 70ms (cache miss)
261 timing idealTree:node_modules/@babel/generator Completed in 72ms
262 silly placeDep ROOT @babel/compat-data@7.29.0 OK for: @babel/helper-compilation-targets@7.28.6 want: ^7.28.6
263 silly placeDep ROOT @babel/helper-validator-option@7.27.1 OK for: @babel/helper-compilation-targets@7.28.6 want: ^7.27.1
264 silly placeDep ROOT browserslist@4.28.2 OK for: @babel/helper-compilation-targets@7.28.6 want: ^4.24.0
265 silly placeDep ROOT lru-cache@5.1.1 OK for: @babel/helper-compilation-targets@7.28.6 want: ^5.1.1
266 silly fetch manifest baseline-browser-mapping@^2.10.12
267 silly fetch manifest caniuse-lite@^1.0.30001782
268 silly fetch manifest electron-to-chromium@^1.5.328
269 silly fetch manifest node-releases@^2.0.36
270 silly fetch manifest update-browserslist-db@^1.2.3
271 silly fetch manifest yallist@^3.0.2
272 http fetch GET 200 https://registry.npmjs.org/yallist 42ms (cache miss)
273 http fetch GET 200 https://registry.npmjs.org/update-browserslist-db 44ms (cache miss)
274 http fetch GET 200 https://registry.npmjs.org/baseline-browser-mapping 53ms (cache miss)
275 http fetch GET 200 https://registry.npmjs.org/node-releases 57ms (cache miss)
276 http fetch GET 200 https://registry.npmjs.org/electron-to-chromium 177ms (cache miss)
277 timing idealTree:node_modules/@babel/helper-compilation-targets Completed in 189ms
278 timing idealTree:node_modules/@babel/compat-data Completed in 0ms
279 silly placeDep ROOT @babel/helper-module-imports@7.28.6 OK for: @babel/helper-module-transforms@7.28.6 want: ^7.28.6
280 timing idealTree:node_modules/@babel/helper-module-transforms Completed in 1ms
281 timing idealTree:node_modules/@babel/helper-module-imports Completed in 0ms
282 timing idealTree:node_modules/@babel/helper-validator-identifier Completed in 0ms
283 timing idealTree:node_modules/@babel/helper-validator-option Completed in 0ms
284 timing idealTree:node_modules/@babel/helpers Completed in 0ms
285 timing idealTree:node_modules/@babel/parser Completed in 0ms
286 silly placeDep ROOT @babel/helper-plugin-utils@7.28.6 OK for: @babel/plugin-transform-react-jsx-self@7.27.1 want: ^7.27.1
287 timing idealTree:node_modules/@babel/plugin-transform-react-jsx-self Completed in 0ms
288 timing idealTree:node_modules/@babel/helper-plugin-utils Completed in 0ms
289 timing idealTree:node_modules/@babel/plugin-transform-react-jsx-source Completed in 0ms
290 timing idealTree:node_modules/@babel/template Completed in 0ms
291 silly placeDep ROOT @babel/helper-globals@7.28.0 OK for: @babel/traverse@7.29.0 want: ^7.28.0
292 timing idealTree:node_modules/@babel/traverse Completed in 1ms
293 timing idealTree:node_modules/@babel/helper-globals Completed in 0ms
294 silly placeDep ROOT @babel/helper-string-parser@7.27.1 OK for: @babel/types@7.29.0 want: ^7.27.1
295 timing idealTree:node_modules/@babel/types Completed in 0ms
296 timing idealTree:node_modules/@babel/helper-string-parser Completed in 0ms
297 silly placeDep ROOT @jridgewell/sourcemap-codec@1.5.5 OK for: @jridgewell/gen-mapping@0.3.13 want: ^1.5.0
298 timing idealTree:node_modules/@jridgewell/gen-mapping Completed in 0ms
299 timing idealTree:node_modules/@jridgewell/remapping Completed in 0ms
300 timing idealTree:node_modules/@jridgewell/sourcemap-codec Completed in 0ms
301 silly placeDep ROOT @jridgewell/resolve-uri@3.1.2 OK for: @jridgewell/trace-mapping@0.3.31 want: ^3.1.0
302 timing idealTree:node_modules/@jridgewell/trace-mapping Completed in 1ms
303 timing idealTree:node_modules/@jridgewell/resolve-uri Completed in 0ms
304 timing idealTree:node_modules/@rolldown/pluginutils Completed in 0ms
305 silly placeDep ROOT @types/babel__generator@7.27.0 OK for: @types/babel__core@7.20.5 want: *
306 silly placeDep ROOT @types/babel__template@7.4.4 OK for: @types/babel__core@7.20.5 want: *
307 silly placeDep ROOT @types/babel__traverse@7.28.0 OK for: @types/babel__core@7.20.5 want: *
308 timing idealTree:node_modules/@types/babel__core Completed in 2ms
309 timing idealTree:node_modules/@types/babel__generator Completed in 0ms
310 timing idealTree:node_modules/@types/babel__template Completed in 0ms
311 timing idealTree:node_modules/@types/babel__traverse Completed in 0ms
312 silly placeDep ROOT caniuse-lite@1.0.30001791 OK for: autoprefixer@10.5.0 want: ^1.0.30001787
313 silly placeDep ROOT fraction.js@5.3.4 OK for: autoprefixer@10.5.0 want: ^5.3.4
314 silly placeDep ROOT postcss-value-parser@4.2.0 OK for: autoprefixer@10.5.0 want: ^4.2.0
315 timing idealTree:node_modules/autoprefixer Completed in 5ms
316 silly fetch manifest browserslist@>= 4.21.0
317 silly placeDep ROOT baseline-browser-mapping@2.10.24 OK for: browserslist@4.28.2 want: ^2.10.12
318 silly placeDep ROOT electron-to-chromium@1.5.344 OK for: browserslist@4.28.2 want: ^1.5.328
319 silly placeDep ROOT node-releases@2.0.38 OK for: browserslist@4.28.2 want: ^2.0.36
320 silly placeDep ROOT update-browserslist-db@1.2.3 OK for: browserslist@4.28.2 want: ^1.2.3
321 silly fetch manifest escalade@^3.2.0
322 http fetch GET 200 https://registry.npmjs.org/escalade 38ms (cache miss)
323 timing idealTree:node_modules/browserslist Completed in 43ms
324 timing idealTree:node_modules/baseline-browser-mapping Completed in 0ms
325 timing idealTree:node_modules/caniuse-lite Completed in 0ms
326 timing idealTree:node_modules/convert-source-map Completed in 0ms
327 silly placeDep ROOT ms@2.1.3 OK for: debug@4.4.3 want: ^2.1.3
328 timing idealTree:node_modules/debug Completed in 0ms
329 timing idealTree:node_modules/electron-to-chromium Completed in 0ms
330 timing idealTree:node_modules/fraction.js Completed in 0ms
331 timing idealTree:node_modules/gensync Completed in 0ms
332 timing idealTree:node_modules/js-tokens Completed in 0ms
333 timing idealTree:node_modules/jsesc Completed in 0ms
334 timing idealTree:node_modules/json5 Completed in 0ms
335 silly placeDep ROOT yallist@3.1.1 OK for: lru-cache@5.1.1 want: ^3.0.2
336 timing idealTree:node_modules/lru-cache Completed in 0ms
337 timing idealTree:node_modules/ms Completed in 0ms
338 timing idealTree:node_modules/node-releases Completed in 0ms
339 timing idealTree:node_modules/picocolors Completed in 0ms
340 silly placeDep ROOT nanoid@3.3.11 OK for: postcss@8.5.12 want: ^3.3.11
341 silly placeDep ROOT source-map-js@1.2.1 OK for: postcss@8.5.12 want: ^1.2.1
342 timing idealTree:node_modules/postcss Completed in 2ms
343 timing idealTree:node_modules/nanoid Completed in 0ms
344 timing idealTree:node_modules/postcss-value-parser Completed in 0ms
345 silly placeDep ROOT loose-envify@1.4.0 OK for: react@18.3.1 want: ^1.1.0
346 timing idealTree:node_modules/react Completed in 1ms
347 timing idealTree:node_modules/loose-envify Completed in 0ms
348 silly placeDep ROOT scheduler@0.23.2 OK for: react-dom@18.3.1 want: ^0.23.2
349 timing idealTree:node_modules/react-dom Completed in 0ms
350 timing idealTree:node_modules/react-refresh Completed in 0ms
351 timing idealTree:node_modules/scheduler Completed in 0ms
352 timing idealTree:node_modules/semver Completed in 0ms
353 timing idealTree:node_modules/source-map-js Completed in 0ms
354 silly fetch manifest postcss@^8.4.47
355 silly fetch manifest tsx@^4.8.1
356 http fetch GET 200 https://registry.npmjs.org/tsx 50ms (cache miss)
357 silly fetch manifest yaml@^2.4.2
358 http fetch GET 200 https://registry.npmjs.org/yaml 45ms (cache miss)
359 silly placeDep ROOT @alloc/quick-lru@5.2.0 OK for: tailwindcss@3.4.19 want: ^5.2.0
360 silly placeDep ROOT arg@5.0.2 OK for: tailwindcss@3.4.19 want: ^5.0.2
361 silly placeDep ROOT chokidar@3.6.0 OK for: tailwindcss@3.4.19 want: ^3.6.0
362 silly placeDep ROOT didyoumean@1.2.2 OK for: tailwindcss@3.4.19 want: ^1.2.2
363 silly placeDep ROOT dlv@1.1.3 OK for: tailwindcss@3.4.19 want: ^1.1.3
364 silly placeDep ROOT fast-glob@3.3.3 OK for: tailwindcss@3.4.19 want: ^3.3.2
365 silly placeDep ROOT glob-parent@6.0.2 OK for: tailwindcss@3.4.19 want: ^6.0.2
366 silly placeDep ROOT is-glob@4.0.3 OK for: tailwindcss@3.4.19 want: ^4.0.3
367 silly placeDep ROOT jiti@1.21.7 OK for: tailwindcss@3.4.19 want: ^1.21.7
368 silly placeDep ROOT lilconfig@3.1.3 OK for: tailwindcss@3.4.19 want: ^3.1.3
369 silly placeDep ROOT micromatch@4.0.8 OK for: tailwindcss@3.4.19 want: ^4.0.8
370 silly placeDep ROOT normalize-path@3.0.0 OK for: tailwindcss@3.4.19 want: ^3.0.0
371 silly placeDep ROOT object-hash@3.0.0 OK for: tailwindcss@3.4.19 want: ^3.0.0
372 silly placeDep ROOT postcss-import@15.1.0 OK for: tailwindcss@3.4.19 want: ^15.1.0
373 silly placeDep ROOT postcss-js@4.1.0 OK for: tailwindcss@3.4.19 want: ^4.0.1
374 silly placeDep ROOT postcss-load-config@6.0.1 OK for: tailwindcss@3.4.19 want: ^4.0.2 || ^5.0 || ^6.0
375 silly placeDep ROOT postcss-nested@6.2.0 OK for: tailwindcss@3.4.19 want: ^6.2.0
376 silly placeDep ROOT postcss-selector-parser@6.1.2 OK for: tailwindcss@3.4.19 want: ^6.1.2
377 silly placeDep ROOT resolve@1.22.12 OK for: tailwindcss@3.4.19 want: ^1.22.8
378 silly placeDep ROOT sucrase@3.35.1 OK for: tailwindcss@3.4.19 want: ^3.35.0
379 silly fetch manifest braces@~3.0.2
380 silly fetch manifest anymatch@~3.1.2
381 silly fetch manifest readdirp@~3.6.0
382 silly fetch manifest glob-parent@~5.1.2
383 silly fetch manifest is-binary-path@~2.1.0
384 silly fetch manifest fsevents@~2.3.2
385 silly fetch manifest @nodelib/fs.stat@^2.0.2
386 silly fetch manifest @nodelib/fs.walk@^1.2.3
387 silly fetch manifest glob-parent@^5.1.2
388 silly fetch manifest merge2@^1.3.0
389 silly fetch manifest is-extglob@^2.1.1
390 silly fetch manifest braces@^3.0.3
391 silly fetch manifest picomatch@^2.3.1
392 silly fetch manifest read-cache@^1.0.0
393 silly fetch manifest camelcase-css@^2.0.1
394 silly fetch manifest cssesc@^3.0.0
395 silly fetch manifest util-deprecate@^1.0.2
396 silly fetch manifest es-errors@^1.3.0
397 silly fetch manifest is-core-module@^2.16.1
398 silly fetch manifest path-parse@^1.0.7
399 silly fetch manifest supports-preserve-symlinks-flag@^1.0.0
400 silly fetch manifest commander@^4.0.0
401 silly fetch manifest lines-and-columns@^1.1.6
402 silly fetch manifest mz@^2.7.0
403 silly fetch manifest pirates@^4.0.1
404 silly fetch manifest tinyglobby@^0.2.11
405 silly fetch manifest ts-interface-checker@^0.1.9
406 http fetch GET 200 https://registry.npmjs.org/util-deprecate 68ms (cache miss)
407 http fetch GET 200 https://registry.npmjs.org/is-extglob 71ms (cache miss)
408 http fetch GET 200 https://registry.npmjs.org/camelcase-css 70ms (cache miss)
409 http fetch GET 200 https://registry.npmjs.org/merge2 73ms (cache miss)
410 http fetch GET 200 https://registry.npmjs.org/braces 76ms (cache miss)
411 http fetch GET 200 https://registry.npmjs.org/cssesc 71ms (cache miss)
412 http fetch GET 200 https://registry.npmjs.org/read-cache 72ms (cache miss)
413 http fetch GET 200 https://registry.npmjs.org/is-binary-path 76ms (cache miss)
414 http fetch GET 200 https://registry.npmjs.org/es-errors 72ms (cache miss)
415 http fetch GET 200 https://registry.npmjs.org/anymatch 77ms (cache miss)
416 http fetch GET 200 https://registry.npmjs.org/@nodelib%2ffs.stat 76ms (cache miss)
417 http fetch GET 200 https://registry.npmjs.org/picomatch 75ms (cache miss)
418 http fetch GET 200 https://registry.npmjs.org/braces 96ms (cache miss)
419 http fetch GET 200 https://registry.npmjs.org/supports-preserve-symlinks-flag 94ms (cache miss)
420 http fetch GET 200 https://registry.npmjs.org/lines-and-columns 95ms (cache miss)
421 http fetch GET 200 https://registry.npmjs.org/mz 95ms (cache miss)
422 http fetch GET 200 https://registry.npmjs.org/path-parse 97ms (cache miss)
423 http fetch GET 200 https://registry.npmjs.org/tinyglobby 96ms (cache miss)
424 http fetch GET 200 https://registry.npmjs.org/is-core-module 98ms (cache miss)
425 http fetch GET 200 https://registry.npmjs.org/ts-interface-checker 96ms (cache miss)
426 http fetch GET 200 https://registry.npmjs.org/commander 100ms (cache miss)
427 http fetch GET 200 https://registry.npmjs.org/pirates 277ms (cache miss)
428 http fetch GET 200 https://registry.npmjs.org/@nodelib%2ffs.walk 457ms (cache miss)
429 http fetch GET 200 https://registry.npmjs.org/readdirp 639ms (cache miss)
430 timing idealTree:node_modules/tailwindcss Completed in 753ms
431 timing idealTree:node_modules/@alloc/quick-lru Completed in 0ms
432 timing idealTree:node_modules/arg Completed in 0ms
433 silly placeDep ROOT anymatch@3.1.3 OK for: chokidar@3.6.0 want: ~3.1.2
434 silly placeDep ROOT braces@3.0.3 OK for: chokidar@3.6.0 want: ~3.0.2
435 silly placeDep ROOT fsevents@2.3.3 OK for: chokidar@3.6.0 want: ~2.3.2
436 silly placeDep node_modules/chokidar glob-parent@5.1.2 OK for: chokidar@3.6.0 want: ~5.1.2
437 silly placeDep ROOT is-binary-path@2.1.0 OK for: chokidar@3.6.0 want: ~2.1.0
438 silly placeDep ROOT readdirp@3.6.0 OK for: chokidar@3.6.0 want: ~3.6.0
439 silly fetch manifest picomatch@^2.0.4
440 silly fetch manifest fill-range@^7.1.1
441 silly fetch manifest binary-extensions@^2.0.0
442 silly fetch manifest picomatch@^2.2.1
443 http fetch GET 200 https://registry.npmjs.org/binary-extensions 49ms (cache miss)
444 http fetch GET 200 https://registry.npmjs.org/fill-range 53ms (cache miss)
445 timing idealTree:node_modules/chokidar Completed in 62ms
446 silly placeDep ROOT picomatch@2.3.2 OK for: anymatch@3.1.3 want: ^2.0.4
447 timing idealTree:node_modules/anymatch Completed in 1ms
448 silly placeDep ROOT fill-range@7.1.1 OK for: braces@3.0.3 want: ^7.1.1
449 silly fetch manifest to-regex-range@^5.0.1
450 http fetch GET 200 https://registry.npmjs.org/to-regex-range 41ms (cache miss)
451 timing idealTree:node_modules/braces Completed in 42ms
452 timing idealTree:node_modules/didyoumean Completed in 0ms
453 timing idealTree:node_modules/dlv Completed in 0ms
454 silly placeDep ROOT @nodelib/fs.stat@2.0.5 OK for: fast-glob@3.3.3 want: ^2.0.2
455 silly placeDep ROOT @nodelib/fs.walk@1.2.8 OK for: fast-glob@3.3.3 want: ^1.2.3
456 silly placeDep node_modules/fast-glob glob-parent@5.1.2 OK for: fast-glob@3.3.3 want: ^5.1.2
457 silly placeDep ROOT merge2@1.4.1 OK for: fast-glob@3.3.3 want: ^1.3.0
458 silly fetch manifest fastq@^1.6.0
459 silly fetch manifest @nodelib/fs.scandir@2.1.5
460 http fetch GET 200 https://registry.npmjs.org/fastq 48ms (cache miss)
461 http fetch GET 200 https://registry.npmjs.org/@nodelib%2ffs.scandir 258ms (cache miss)
462 timing idealTree:node_modules/fast-glob Completed in 262ms
463 timing idealTree:node_modules/@nodelib/fs.stat Completed in 0ms
464 silly placeDep ROOT @nodelib/fs.scandir@2.1.5 OK for: @nodelib/fs.walk@1.2.8 want: 2.1.5
465 silly placeDep ROOT fastq@1.20.1 OK for: @nodelib/fs.walk@1.2.8 want: ^1.6.0
466 silly fetch manifest run-parallel@^1.1.9
467 silly fetch manifest reusify@^1.0.4
468 http fetch GET 200 https://registry.npmjs.org/run-parallel 153ms (cache miss)
469 http fetch GET 200 https://registry.npmjs.org/reusify 154ms (cache miss)
470 timing idealTree:node_modules/@nodelib/fs.walk Completed in 156ms
471 silly placeDep ROOT run-parallel@1.2.0 OK for: @nodelib/fs.scandir@2.1.5 want: ^1.1.9
472 silly fetch manifest queue-microtask@^1.2.2
473 http fetch GET 200 https://registry.npmjs.org/queue-microtask 46ms (cache miss)
474 timing idealTree:node_modules/@nodelib/fs.scandir Completed in 47ms
475 silly placeDep ROOT reusify@1.1.0 OK for: fastq@1.20.1 want: ^1.0.4
476 timing idealTree:node_modules/fastq Completed in 1ms
477 silly placeDep ROOT to-regex-range@5.0.1 OK for: fill-range@7.1.1 want: ^5.0.1
478 silly fetch manifest is-number@^7.0.0
479 http fetch GET 200 https://registry.npmjs.org/is-number 153ms (cache miss)
480 timing idealTree:node_modules/fill-range Completed in 155ms
481 timing idealTree:node_modules/fsevents Completed in 0ms
482 timing idealTree:node_modules/glob-parent Completed in 0ms
483 silly placeDep ROOT binary-extensions@2.3.0 OK for: is-binary-path@2.1.0 want: ^2.0.0
484 timing idealTree:node_modules/is-binary-path Completed in 0ms
485 timing idealTree:node_modules/binary-extensions Completed in 0ms
486 silly placeDep ROOT is-extglob@2.1.1 OK for: is-glob@4.0.3 want: ^2.1.1
487 timing idealTree:node_modules/is-glob Completed in 0ms
488 timing idealTree:node_modules/is-extglob Completed in 0ms
489 timing idealTree:node_modules/jiti Completed in 0ms
490 timing idealTree:node_modules/lilconfig Completed in 0ms
491 timing idealTree:node_modules/merge2 Completed in 0ms
492 timing idealTree:node_modules/micromatch Completed in 0ms
493 timing idealTree:node_modules/normalize-path Completed in 0ms
494 timing idealTree:node_modules/object-hash Completed in 0ms
495 timing idealTree:node_modules/picomatch Completed in 0ms
496 silly placeDep ROOT read-cache@1.0.0 OK for: postcss-import@15.1.0 want: ^1.0.0
497 silly fetch manifest pify@^2.3.0
498 http fetch GET 200 https://registry.npmjs.org/pify 78ms (cache miss)
499 timing idealTree:node_modules/postcss-import Completed in 79ms
500 silly placeDep ROOT camelcase-css@2.0.1 OK for: postcss-js@4.1.0 want: ^2.0.1
501 timing idealTree:node_modules/postcss-js Completed in 1ms
502 timing idealTree:node_modules/camelcase-css Completed in 0ms
503 timing idealTree:node_modules/postcss-load-config Completed in 0ms
504 timing idealTree:node_modules/postcss-nested Completed in 0ms
505 silly placeDep ROOT cssesc@3.0.0 OK for: postcss-selector-parser@6.1.2 want: ^3.0.0
506 silly placeDep ROOT util-deprecate@1.0.2 OK for: postcss-selector-parser@6.1.2 want: ^1.0.2
507 timing idealTree:node_modules/postcss-selector-parser Completed in 1ms
508 timing idealTree:node_modules/cssesc Completed in 0ms
509 silly placeDep ROOT pify@2.3.0 OK for: read-cache@1.0.0 want: ^2.3.0
510 timing idealTree:node_modules/read-cache Completed in 1ms
511 timing idealTree:node_modules/pify Completed in 0ms
512 timing idealTree:node_modules/readdirp Completed in 0ms
513 silly placeDep ROOT es-errors@1.3.0 OK for: resolve@1.22.12 want: ^1.3.0
514 silly placeDep ROOT is-core-module@2.16.1 OK for: resolve@1.22.12 want: ^2.16.1
515 silly placeDep ROOT path-parse@1.0.7 OK for: resolve@1.22.12 want: ^1.0.7
516 silly placeDep ROOT supports-preserve-symlinks-flag@1.0.0 OK for: resolve@1.22.12 want: ^1.0.0
517 silly fetch manifest hasown@^2.0.2
518 http fetch GET 200 https://registry.npmjs.org/hasown 96ms (cache miss)
519 timing idealTree:node_modules/resolve Completed in 98ms
520 timing idealTree:node_modules/es-errors Completed in 0ms
521 silly placeDep ROOT hasown@2.0.3 OK for: is-core-module@2.16.1 want: ^2.0.2
522 silly fetch manifest function-bind@^1.1.2
523 http fetch GET 200 https://registry.npmjs.org/function-bind 72ms (cache miss)
524 timing idealTree:node_modules/is-core-module Completed in 74ms
525 silly placeDep ROOT function-bind@1.1.2 OK for: hasown@2.0.3 want: ^1.1.2
526 timing idealTree:node_modules/hasown Completed in 1ms
527 timing idealTree:node_modules/function-bind Completed in 0ms
528 timing idealTree:node_modules/path-parse Completed in 0ms
529 timing idealTree:node_modules/reusify Completed in 0ms
530 silly placeDep ROOT queue-microtask@1.2.3 OK for: run-parallel@1.2.0 want: ^1.2.2
531 timing idealTree:node_modules/run-parallel Completed in 1ms
532 timing idealTree:node_modules/queue-microtask Completed in 0ms
533 silly placeDep ROOT commander@4.1.1 OK for: sucrase@3.35.1 want: ^4.0.0
534 silly placeDep ROOT lines-and-columns@1.2.4 OK for: sucrase@3.35.1 want: ^1.1.6
535 silly placeDep ROOT mz@2.7.0 OK for: sucrase@3.35.1 want: ^2.7.0
536 silly placeDep ROOT pirates@4.0.7 OK for: sucrase@3.35.1 want: ^4.0.1
537 silly placeDep ROOT tinyglobby@0.2.16 OK for: sucrase@3.35.1 want: ^0.2.11
538 silly placeDep ROOT ts-interface-checker@0.1.13 OK for: sucrase@3.35.1 want: ^0.1.9
539 silly fetch manifest any-promise@^1.0.0
540 silly fetch manifest object-assign@^4.0.1
541 silly fetch manifest thenify-all@^1.0.0
542 silly fetch manifest fdir@^6.5.0
543 silly fetch manifest picomatch@^4.0.4
544 http fetch GET 200 https://registry.npmjs.org/any-promise 83ms (cache miss)
545 http fetch GET 200 https://registry.npmjs.org/fdir 83ms (cache miss)
546 http fetch GET 200 https://registry.npmjs.org/object-assign 85ms (cache miss)
547 http fetch GET 200 https://registry.npmjs.org/thenify-all 230ms (cache miss)
548 timing idealTree:node_modules/sucrase Completed in 234ms
549 timing idealTree:node_modules/commander Completed in 0ms
550 timing idealTree:node_modules/lines-and-columns Completed in 0ms
551 silly placeDep ROOT any-promise@1.3.0 OK for: mz@2.7.0 want: ^1.0.0
552 silly placeDep ROOT object-assign@4.1.1 OK for: mz@2.7.0 want: ^4.0.1
553 silly placeDep ROOT thenify-all@1.6.0 OK for: mz@2.7.0 want: ^1.0.0
554 silly fetch manifest thenify@>= 3.1.0 < 4
555 http fetch GET 200 https://registry.npmjs.org/thenify 344ms (cache miss)
556 timing idealTree:node_modules/mz Completed in 347ms
557 timing idealTree:node_modules/any-promise Completed in 0ms
558 timing idealTree:node_modules/object-assign Completed in 0ms
559 timing idealTree:node_modules/pirates Completed in 0ms
560 timing idealTree:node_modules/supports-preserve-symlinks-flag Completed in 0ms
561 silly placeDep ROOT thenify@3.3.1 OK for: thenify-all@1.6.0 want: >= 3.1.0 < 4
562 timing idealTree:node_modules/thenify-all Completed in 1ms
563 timing idealTree:node_modules/thenify Completed in 0ms
564 silly placeDep node_modules/tinyglobby fdir@6.5.0 OK for: tinyglobby@0.2.16 want: ^6.5.0
565 silly placeDep node_modules/tinyglobby picomatch@4.0.4 OK for: fdir@6.5.0 want: ^3 || ^4
566 timing idealTree:node_modules/tinyglobby Completed in 1ms
567 silly placeDep ROOT is-number@7.0.0 OK for: to-regex-range@5.0.1 want: ^7.0.0
568 timing idealTree:node_modules/to-regex-range Completed in 1ms
569 timing idealTree:node_modules/is-number Completed in 0ms
570 timing idealTree:node_modules/ts-interface-checker Completed in 0ms
571 silly placeDep ROOT escalade@3.2.0 OK for: update-browserslist-db@1.2.3 want: ^3.2.0
572 timing idealTree:node_modules/update-browserslist-db Completed in 0ms
573 timing idealTree:node_modules/escalade Completed in 0ms
574 timing idealTree:node_modules/util-deprecate Completed in 0ms
575 silly placeDep ROOT esbuild@0.21.5 OK for: vite@5.4.21 want: ^0.21.3
576 silly placeDep ROOT rollup@4.60.2 OK for: vite@5.4.21 want: ^4.20.0
577 silly fetch manifest @esbuild/aix-ppc64@0.21.5
578 silly fetch manifest @esbuild/linux-arm@0.21.5
579 silly fetch manifest @esbuild/linux-x64@0.21.5
580 silly fetch manifest @esbuild/sunos-x64@0.21.5
581 silly fetch manifest @esbuild/win32-x64@0.21.5
582 silly fetch manifest @esbuild/darwin-x64@0.21.5
583 silly fetch manifest @esbuild/linux-ia32@0.21.5
584 silly fetch manifest @esbuild/netbsd-x64@0.21.5
585 silly fetch manifest @esbuild/win32-ia32@0.21.5
586 silly fetch manifest @esbuild/android-arm@0.21.5
587 silly fetch manifest @esbuild/android-x64@0.21.5
588 silly fetch manifest @esbuild/freebsd-x64@0.21.5
589 silly fetch manifest @esbuild/linux-arm64@0.21.5
590 silly fetch manifest @esbuild/linux-ppc64@0.21.5
591 silly fetch manifest @esbuild/linux-s390x@0.21.5
592 silly fetch manifest @esbuild/openbsd-x64@0.21.5
593 silly fetch manifest @esbuild/win32-arm64@0.21.5
594 silly fetch manifest @esbuild/darwin-arm64@0.21.5
595 silly fetch manifest @esbuild/android-arm64@0.21.5
596 silly fetch manifest @esbuild/freebsd-arm64@0.21.5
597 silly fetch manifest @esbuild/linux-loong64@0.21.5
598 silly fetch manifest @esbuild/linux-riscv64@0.21.5
599 silly fetch manifest @esbuild/linux-mips64el@0.21.5
600 silly fetch manifest @types/estree@1.0.8
601 silly fetch manifest @rollup/rollup-darwin-arm64@4.60.2
602 silly fetch manifest @rollup/rollup-android-arm64@4.60.2
603 silly fetch manifest @rollup/rollup-win32-arm64-msvc@4.60.2
604 silly fetch manifest @rollup/rollup-freebsd-arm64@4.60.2
605 silly fetch manifest @rollup/rollup-linux-arm64-gnu@4.60.2
606 silly fetch manifest @rollup/rollup-linux-arm64-musl@4.60.2
607 silly fetch manifest @rollup/rollup-android-arm-eabi@4.60.2
608 silly fetch manifest @rollup/rollup-linux-arm-gnueabihf@4.60.2
609 silly fetch manifest @rollup/rollup-linux-arm-musleabihf@4.60.2
610 silly fetch manifest @rollup/rollup-win32-ia32-msvc@4.60.2
611 silly fetch manifest @rollup/rollup-linux-loong64-gnu@4.60.2
612 silly fetch manifest @rollup/rollup-linux-loong64-musl@4.60.2
613 silly fetch manifest @rollup/rollup-linux-riscv64-gnu@4.60.2
614 silly fetch manifest @rollup/rollup-linux-riscv64-musl@4.60.2
615 silly fetch manifest @rollup/rollup-linux-ppc64-gnu@4.60.2
616 silly fetch manifest @rollup/rollup-linux-ppc64-musl@4.60.2
617 silly fetch manifest @rollup/rollup-linux-s390x-gnu@4.60.2
618 silly fetch manifest @rollup/rollup-darwin-x64@4.60.2
619 silly fetch manifest @rollup/rollup-win32-x64-gnu@4.60.2
620 silly fetch manifest @rollup/rollup-win32-x64-msvc@4.60.2
621 silly fetch manifest @rollup/rollup-freebsd-x64@4.60.2
622 silly fetch manifest @rollup/rollup-linux-x64-gnu@4.60.2
623 silly fetch manifest @rollup/rollup-linux-x64-musl@4.60.2
624 silly fetch manifest @rollup/rollup-openbsd-x64@4.60.2
625 silly fetch manifest @rollup/rollup-openharmony-arm64@4.60.2
626 http fetch GET 200 https://registry.npmjs.org/@esbuild%2fnetbsd-x64 94ms (cache miss)
627 http fetch GET 200 https://registry.npmjs.org/@esbuild%2flinux-s390x 92ms (cache miss)
628 http fetch GET 200 https://registry.npmjs.org/@esbuild%2flinux-x64 97ms (cache miss)
629 http fetch GET 200 https://registry.npmjs.org/@esbuild%2fsunos-x64 103ms (cache miss)
630 http fetch GET 200 https://registry.npmjs.org/@esbuild%2fandroid-x64 102ms (cache miss)
631 http fetch GET 200 https://registry.npmjs.org/@esbuild%2fandroid-arm 103ms (cache miss)
632 http fetch GET 200 https://registry.npmjs.org/@esbuild%2flinux-arm 107ms (cache miss)
633 http fetch GET 200 https://registry.npmjs.org/@esbuild%2flinux-arm64 105ms (cache miss)
634 http fetch GET 200 https://registry.npmjs.org/@esbuild%2fwin32-ia32 131ms (cache miss)
635 http fetch GET 200 https://registry.npmjs.org/@esbuild%2fdarwin-arm64 144ms (cache miss)
636 http fetch GET 200 https://registry.npmjs.org/@esbuild%2ffreebsd-arm64 144ms (cache miss)
637 http fetch GET 200 https://registry.npmjs.org/@esbuild%2flinux-riscv64 149ms (cache miss)
638 http fetch GET 200 https://registry.npmjs.org/@types%2festree 173ms (cache miss)
639 http fetch GET 200 https://registry.npmjs.org/@esbuild%2flinux-loong64 188ms (cache miss)
640 http fetch GET 200 https://registry.npmjs.org/@esbuild%2flinux-mips64el 186ms (cache miss)
641 http fetch GET 200 https://registry.npmjs.org/@rollup%2frollup-darwin-arm64 188ms (cache miss)
642 http fetch GET 200 https://registry.npmjs.org/@esbuild%2faix-ppc64 278ms (cache miss)
643 http fetch GET 200 https://registry.npmjs.org/@esbuild%2fwin32-x64 278ms (cache miss)
644 http fetch GET 200 https://registry.npmjs.org/@esbuild%2flinux-ia32 278ms (cache miss)
645 http fetch GET 200 https://registry.npmjs.org/@esbuild%2flinux-ppc64 277ms (cache miss)
646 http fetch GET 200 https://registry.npmjs.org/@esbuild%2fdarwin-x64 279ms (cache miss)
647 http fetch GET 200 https://registry.npmjs.org/@esbuild%2ffreebsd-x64 293ms (cache miss)
648 http fetch GET 200 https://registry.npmjs.org/@esbuild%2fwin32-arm64 320ms (cache miss)
649 http fetch GET 200 https://registry.npmjs.org/@esbuild%2fopenbsd-x64 321ms (cache miss)
650 http fetch GET 200 https://registry.npmjs.org/@rollup%2frollup-linux-riscv64-musl 356ms (cache miss)
651 http fetch GET 200 https://registry.npmjs.org/@rollup%2frollup-win32-arm64-msvc 422ms (cache miss)
652 http fetch GET 200 https://registry.npmjs.org/@rollup%2frollup-android-arm-eabi 432ms (cache miss)
653 http fetch GET 200 https://registry.npmjs.org/@esbuild%2fandroid-arm64 480ms (cache miss)
654 http fetch GET 200 https://registry.npmjs.org/@rollup%2frollup-linux-loong64-gnu 496ms (cache miss)
655 http fetch GET 200 https://registry.npmjs.org/@rollup%2frollup-win32-ia32-msvc 506ms (cache miss)
656 http fetch GET 200 https://registry.npmjs.org/@rollup%2frollup-linux-ppc64-gnu 555ms (cache miss)
657 http fetch GET 200 https://registry.npmjs.org/@rollup%2frollup-freebsd-arm64 593ms (cache miss)
658 http fetch GET 200 https://registry.npmjs.org/@rollup%2frollup-linux-ppc64-musl 596ms (cache miss)
659 http fetch GET 200 https://registry.npmjs.org/@rollup%2frollup-linux-arm64-gnu 618ms (cache miss)
660 http fetch GET 200 https://registry.npmjs.org/@rollup%2frollup-linux-arm64-musl 626ms (cache miss)
661 http fetch GET 200 https://registry.npmjs.org/@rollup%2frollup-win32-x64-gnu 713ms (cache miss)
662 http fetch GET 200 https://registry.npmjs.org/@rollup%2frollup-linux-riscv64-gnu 718ms (cache miss)
663 http fetch GET 200 https://registry.npmjs.org/@rollup%2frollup-linux-x64-gnu 741ms (cache miss)
664 http fetch GET 200 https://registry.npmjs.org/@rollup%2frollup-android-arm64 751ms (cache miss)
665 http fetch GET 200 https://registry.npmjs.org/@rollup%2frollup-freebsd-x64 799ms (cache miss)
666 http fetch GET 200 https://registry.npmjs.org/@rollup%2frollup-linux-arm-musleabihf 864ms (cache miss)
667 http fetch GET 200 https://registry.npmjs.org/@rollup%2frollup-linux-arm-gnueabihf 870ms (cache miss)
668 http fetch GET 200 https://registry.npmjs.org/@rollup%2frollup-linux-loong64-musl 894ms (cache miss)
669 http fetch GET 200 https://registry.npmjs.org/@rollup%2frollup-darwin-x64 927ms (cache miss)
670 http fetch GET 200 https://registry.npmjs.org/@rollup%2frollup-linux-x64-musl 984ms (cache miss)
671 http fetch GET 200 https://registry.npmjs.org/@rollup%2frollup-openbsd-x64 1018ms (cache miss)
672 http fetch GET 200 https://registry.npmjs.org/@rollup%2frollup-linux-s390x-gnu 1229ms (cache miss)
673 http fetch GET 200 https://registry.npmjs.org/@rollup%2frollup-win32-x64-msvc 1293ms (cache miss)
674 http fetch GET 200 https://registry.npmjs.org/@rollup%2frollup-openharmony-arm64 1964ms (cache miss)
675 timing idealTree:node_modules/vite Completed in 1986ms
676 silly placeDep ROOT @esbuild/aix-ppc64@0.21.5 OK for: esbuild@0.21.5 want: 0.21.5
677 silly placeDep ROOT @esbuild/android-arm@0.21.5 OK for: esbuild@0.21.5 want: 0.21.5
678 silly placeDep ROOT @esbuild/android-arm64@0.21.5 OK for: esbuild@0.21.5 want: 0.21.5
679 silly placeDep ROOT @esbuild/android-x64@0.21.5 OK for: esbuild@0.21.5 want: 0.21.5
680 silly placeDep ROOT @esbuild/darwin-arm64@0.21.5 OK for: esbuild@0.21.5 want: 0.21.5
681 silly placeDep ROOT @esbuild/darwin-x64@0.21.5 OK for: esbuild@0.21.5 want: 0.21.5
682 silly placeDep ROOT @esbuild/freebsd-arm64@0.21.5 OK for: esbuild@0.21.5 want: 0.21.5
683 silly placeDep ROOT @esbuild/freebsd-x64@0.21.5 OK for: esbuild@0.21.5 want: 0.21.5
684 silly placeDep ROOT @esbuild/linux-arm@0.21.5 OK for: esbuild@0.21.5 want: 0.21.5
685 silly placeDep ROOT @esbuild/linux-arm64@0.21.5 OK for: esbuild@0.21.5 want: 0.21.5
686 silly placeDep ROOT @esbuild/linux-ia32@0.21.5 OK for: esbuild@0.21.5 want: 0.21.5
687 silly placeDep ROOT @esbuild/linux-loong64@0.21.5 OK for: esbuild@0.21.5 want: 0.21.5
688 silly placeDep ROOT @esbuild/linux-mips64el@0.21.5 OK for: esbuild@0.21.5 want: 0.21.5
689 silly placeDep ROOT @esbuild/linux-ppc64@0.21.5 OK for: esbuild@0.21.5 want: 0.21.5
690 silly placeDep ROOT @esbuild/linux-riscv64@0.21.5 OK for: esbuild@0.21.5 want: 0.21.5
691 silly placeDep ROOT @esbuild/linux-s390x@0.21.5 OK for: esbuild@0.21.5 want: 0.21.5
692 silly placeDep ROOT @esbuild/linux-x64@0.21.5 OK for: esbuild@0.21.5 want: 0.21.5
693 silly placeDep ROOT @esbuild/netbsd-x64@0.21.5 OK for: esbuild@0.21.5 want: 0.21.5
694 silly placeDep ROOT @esbuild/openbsd-x64@0.21.5 OK for: esbuild@0.21.5 want: 0.21.5
695 silly placeDep ROOT @esbuild/sunos-x64@0.21.5 OK for: esbuild@0.21.5 want: 0.21.5
696 silly placeDep ROOT @esbuild/win32-arm64@0.21.5 OK for: esbuild@0.21.5 want: 0.21.5
697 silly placeDep ROOT @esbuild/win32-ia32@0.21.5 OK for: esbuild@0.21.5 want: 0.21.5
698 silly placeDep ROOT @esbuild/win32-x64@0.21.5 OK for: esbuild@0.21.5 want: 0.21.5
699 timing idealTree:node_modules/esbuild Completed in 10ms
700 timing idealTree:node_modules/@esbuild/aix-ppc64 Completed in 0ms
701 timing idealTree:node_modules/@esbuild/android-arm Completed in 0ms
702 timing idealTree:node_modules/@esbuild/android-arm64 Completed in 0ms
703 timing idealTree:node_modules/@esbuild/android-x64 Completed in 0ms
704 timing idealTree:node_modules/@esbuild/darwin-arm64 Completed in 0ms
705 timing idealTree:node_modules/@esbuild/darwin-x64 Completed in 0ms
706 timing idealTree:node_modules/@esbuild/freebsd-arm64 Completed in 0ms
707 timing idealTree:node_modules/@esbuild/freebsd-x64 Completed in 0ms
708 timing idealTree:node_modules/@esbuild/linux-arm Completed in 0ms
709 timing idealTree:node_modules/@esbuild/linux-arm64 Completed in 0ms
710 timing idealTree:node_modules/@esbuild/linux-ia32 Completed in 0ms
711 timing idealTree:node_modules/@esbuild/linux-loong64 Completed in 0ms
712 timing idealTree:node_modules/@esbuild/linux-mips64el Completed in 0ms
713 timing idealTree:node_modules/@esbuild/linux-ppc64 Completed in 0ms
714 timing idealTree:node_modules/@esbuild/linux-riscv64 Completed in 0ms
715 timing idealTree:node_modules/@esbuild/linux-s390x Completed in 0ms
716 timing idealTree:node_modules/@esbuild/linux-x64 Completed in 0ms
717 timing idealTree:node_modules/@esbuild/netbsd-x64 Completed in 0ms
718 timing idealTree:node_modules/@esbuild/openbsd-x64 Completed in 0ms
719 timing idealTree:node_modules/@esbuild/sunos-x64 Completed in 0ms
720 timing idealTree:node_modules/@esbuild/win32-arm64 Completed in 0ms
721 timing idealTree:node_modules/@esbuild/win32-ia32 Completed in 1ms
722 timing idealTree:node_modules/@esbuild/win32-x64 Completed in 0ms
723 silly placeDep ROOT @rollup/rollup-android-arm-eabi@4.60.2 OK for: rollup@4.60.2 want: 4.60.2
724 silly placeDep ROOT @rollup/rollup-android-arm64@4.60.2 OK for: rollup@4.60.2 want: 4.60.2
725 silly placeDep ROOT @rollup/rollup-darwin-arm64@4.60.2 OK for: rollup@4.60.2 want: 4.60.2
726 silly placeDep ROOT @rollup/rollup-darwin-x64@4.60.2 OK for: rollup@4.60.2 want: 4.60.2
727 silly placeDep ROOT @rollup/rollup-freebsd-arm64@4.60.2 OK for: rollup@4.60.2 want: 4.60.2
728 silly placeDep ROOT @rollup/rollup-freebsd-x64@4.60.2 OK for: rollup@4.60.2 want: 4.60.2
729 silly placeDep ROOT @rollup/rollup-linux-arm-gnueabihf@4.60.2 OK for: rollup@4.60.2 want: 4.60.2
730 silly placeDep ROOT @rollup/rollup-linux-arm-musleabihf@4.60.2 OK for: rollup@4.60.2 want: 4.60.2
731 silly placeDep ROOT @rollup/rollup-linux-arm64-gnu@4.60.2 OK for: rollup@4.60.2 want: 4.60.2
732 silly placeDep ROOT @rollup/rollup-linux-arm64-musl@4.60.2 OK for: rollup@4.60.2 want: 4.60.2
733 silly placeDep ROOT @rollup/rollup-linux-loong64-gnu@4.60.2 OK for: rollup@4.60.2 want: 4.60.2
734 silly placeDep ROOT @rollup/rollup-linux-loong64-musl@4.60.2 OK for: rollup@4.60.2 want: 4.60.2
735 silly placeDep ROOT @rollup/rollup-linux-ppc64-gnu@4.60.2 OK for: rollup@4.60.2 want: 4.60.2
736 silly placeDep ROOT @rollup/rollup-linux-ppc64-musl@4.60.2 OK for: rollup@4.60.2 want: 4.60.2
737 silly placeDep ROOT @rollup/rollup-linux-riscv64-gnu@4.60.2 OK for: rollup@4.60.2 want: 4.60.2
738 silly placeDep ROOT @rollup/rollup-linux-riscv64-musl@4.60.2 OK for: rollup@4.60.2 want: 4.60.2
739 silly placeDep ROOT @rollup/rollup-linux-s390x-gnu@4.60.2 OK for: rollup@4.60.2 want: 4.60.2
740 silly placeDep ROOT @rollup/rollup-linux-x64-gnu@4.60.2 OK for: rollup@4.60.2 want: 4.60.2
741 silly placeDep ROOT @rollup/rollup-linux-x64-musl@4.60.2 OK for: rollup@4.60.2 want: 4.60.2
742 silly placeDep ROOT @rollup/rollup-openbsd-x64@4.60.2 OK for: rollup@4.60.2 want: 4.60.2
743 silly placeDep ROOT @rollup/rollup-openharmony-arm64@4.60.2 OK for: rollup@4.60.2 want: 4.60.2
744 silly placeDep ROOT @rollup/rollup-win32-arm64-msvc@4.60.2 OK for: rollup@4.60.2 want: 4.60.2
745 silly placeDep ROOT @rollup/rollup-win32-ia32-msvc@4.60.2 OK for: rollup@4.60.2 want: 4.60.2
746 silly placeDep ROOT @rollup/rollup-win32-x64-gnu@4.60.2 OK for: rollup@4.60.2 want: 4.60.2
747 silly placeDep ROOT @rollup/rollup-win32-x64-msvc@4.60.2 OK for: rollup@4.60.2 want: 4.60.2
748 silly placeDep ROOT @types/estree@1.0.8 OK for: rollup@4.60.2 want: 1.0.8
749 timing idealTree:node_modules/rollup Completed in 11ms
750 timing idealTree:node_modules/@rollup/rollup-android-arm-eabi Completed in 0ms
751 timing idealTree:node_modules/@rollup/rollup-android-arm64 Completed in 0ms
752 timing idealTree:node_modules/@rollup/rollup-darwin-arm64 Completed in 0ms
753 timing idealTree:node_modules/@rollup/rollup-darwin-x64 Completed in 0ms
754 timing idealTree:node_modules/@rollup/rollup-freebsd-arm64 Completed in 0ms
755 timing idealTree:node_modules/@rollup/rollup-freebsd-x64 Completed in 0ms
756 timing idealTree:node_modules/@rollup/rollup-linux-arm-gnueabihf Completed in 0ms
757 timing idealTree:node_modules/@rollup/rollup-linux-arm-musleabihf Completed in 0ms
758 timing idealTree:node_modules/@rollup/rollup-linux-arm64-gnu Completed in 0ms
759 timing idealTree:node_modules/@rollup/rollup-linux-arm64-musl Completed in 0ms
760 timing idealTree:node_modules/@rollup/rollup-linux-loong64-gnu Completed in 0ms
761 timing idealTree:node_modules/@rollup/rollup-linux-loong64-musl Completed in 0ms
762 timing idealTree:node_modules/@rollup/rollup-linux-ppc64-gnu Completed in 0ms
763 timing idealTree:node_modules/@rollup/rollup-linux-ppc64-musl Completed in 0ms
764 timing idealTree:node_modules/@rollup/rollup-linux-riscv64-gnu Completed in 0ms
765 timing idealTree:node_modules/@rollup/rollup-linux-riscv64-musl Completed in 0ms
766 timing idealTree:node_modules/@rollup/rollup-linux-s390x-gnu Completed in 0ms
767 timing idealTree:node_modules/@rollup/rollup-linux-x64-gnu Completed in 0ms
768 timing idealTree:node_modules/@rollup/rollup-linux-x64-musl Completed in 0ms
769 timing idealTree:node_modules/@rollup/rollup-openbsd-x64 Completed in 0ms
770 timing idealTree:node_modules/@rollup/rollup-openharmony-arm64 Completed in 0ms
771 timing idealTree:node_modules/@rollup/rollup-win32-arm64-msvc Completed in 0ms
772 timing idealTree:node_modules/@rollup/rollup-win32-ia32-msvc Completed in 0ms
773 timing idealTree:node_modules/@rollup/rollup-win32-x64-gnu Completed in 0ms
774 timing idealTree:node_modules/@rollup/rollup-win32-x64-msvc Completed in 0ms
775 timing idealTree:node_modules/@types/estree Completed in 0ms
776 timing idealTree:node_modules/yallist Completed in 0ms
777 timing idealTree:node_modules/chokidar/node_modules/glob-parent Completed in 0ms
778 timing idealTree:node_modules/fast-glob/node_modules/glob-parent Completed in 0ms
779 timing idealTree:node_modules/tinyglobby/node_modules/fdir Completed in 0ms
780 timing idealTree:node_modules/tinyglobby/node_modules/picomatch Completed in 1ms
781 timing idealTree:buildDeps Completed in 8088ms
782 timing idealTree:fixDepFlags Completed in 1ms
783 warn EBADENGINE Unsupported engine {
783 warn EBADENGINE   package: 'vite@5.4.21',
783 warn EBADENGINE   required: { node: '^18.0.0 || >=20.0.0' },
783 warn EBADENGINE   current: { node: 'v19.1.0', npm: '8.19.3' }
783 warn EBADENGINE }
784 timing idealTree Completed in 8101ms
785 timing reify:loadTrees Completed in 8101ms
786 timing reify:diffTrees Completed in 3ms
787 silly reify moves {}
788 timing reify:retireShallow Completed in 0ms
789 timing reify:createSparse Completed in 49ms
790 timing reify:loadBundles Completed in 0ms
791 silly audit bulk request {
791 silly audit   '@vitejs/plugin-react': [ '4.7.0' ],
791 silly audit   vite: [ '5.4.21' ],
791 silly audit   autoprefixer: [ '10.5.0' ],
791 silly audit   postcss: [ '8.5.12' ],
791 silly audit   react: [ '18.3.1' ],
791 silly audit   'react-dom': [ '18.3.1' ],
791 silly audit   tailwindcss: [ '3.4.19' ],
791 silly audit   '@babel/core': [ '7.29.0' ],
791 silly audit   '@babel/plugin-transform-react-jsx-self': [ '7.27.1' ],
791 silly audit   '@babel/plugin-transform-react-jsx-source': [ '7.27.1' ],
791 silly audit   '@rolldown/pluginutils': [ '1.0.0-beta.27' ],
791 silly audit   '@types/babel__core': [ '7.20.5' ],
791 silly audit   'react-refresh': [ '0.17.0' ],
791 silly audit   '@babel/code-frame': [ '7.29.0' ],
791 silly audit   '@babel/generator': [ '7.29.1' ],
791 silly audit   '@babel/helper-compilation-targets': [ '7.28.6' ],
791 silly audit   '@babel/helper-module-transforms': [ '7.28.6' ],
791 silly audit   '@babel/helpers': [ '7.29.2' ],
791 silly audit   '@babel/parser': [ '7.29.2' ],
791 silly audit   '@babel/template': [ '7.28.6' ],
791 silly audit   '@babel/traverse': [ '7.29.0' ],
791 silly audit   '@babel/types': [ '7.29.0' ],
791 silly audit   '@jridgewell/remapping': [ '2.3.5' ],
791 silly audit   'convert-source-map': [ '2.0.0' ],
791 silly audit   debug: [ '4.4.3' ],
791 silly audit   gensync: [ '1.0.0-beta.2' ],
791 silly audit   json5: [ '2.2.3' ],
791 silly audit   semver: [ '6.3.1' ],
791 silly audit   '@babel/helper-validator-identifier': [ '7.28.5' ],
791 silly audit   'js-tokens': [ '4.0.0' ],
791 silly audit   picocolors: [ '1.1.1' ],
791 silly audit   '@jridgewell/gen-mapping': [ '0.3.13' ],
791 silly audit   '@jridgewell/trace-mapping': [ '0.3.31' ],
791 silly audit   jsesc: [ '3.1.0' ],
791 silly audit   '@babel/compat-data': [ '7.29.0' ],
791 silly audit   '@babel/helper-validator-option': [ '7.27.1' ],
791 silly audit   browserslist: [ '4.28.2' ],
791 silly audit   'lru-cache': [ '5.1.1' ],
791 silly audit   '@babel/helper-module-imports': [ '7.28.6' ],
791 silly audit   '@babel/helper-plugin-utils': [ '7.28.6' ],
791 silly audit   '@babel/helper-globals': [ '7.28.0' ],
791 silly audit   '@babel/helper-string-parser': [ '7.27.1' ],
791 silly audit   '@jridgewell/sourcemap-codec': [ '1.5.5' ],
791 silly audit   '@jridgewell/resolve-uri': [ '3.1.2' ],
791 silly audit   '@types/babel__generator': [ '7.27.0' ],
791 silly audit   '@types/babel__template': [ '7.4.4' ],
791 silly audit   '@types/babel__traverse': [ '7.28.0' ],
791 silly audit   'caniuse-lite': [ '1.0.30001791' ],
791 silly audit   'fraction.js': [ '5.3.4' ],
791 silly audit   'postcss-value-parser': [ '4.2.0' ],
791 silly audit   'baseline-browser-mapping': [ '2.10.24' ],
791 silly audit   'electron-to-chromium': [ '1.5.344' ],
791 silly audit   'node-releases': [ '2.0.38' ],
791 silly audit   'update-browserslist-db': [ '1.2.3' ],
791 silly audit   ms: [ '2.1.3' ],
791 silly audit   yallist: [ '3.1.1' ],
791 silly audit   nanoid: [ '3.3.11' ],
791 silly audit   'source-map-js': [ '1.2.1' ],
791 silly audit   'loose-envify': [ '1.4.0' ],
791 silly audit   scheduler: [ '0.23.2' ],
791 silly audit   '@alloc/quick-lru': [ '5.2.0' ],
791 silly audit   arg: [ '5.0.2' ],
791 silly audit   chokidar: [ '3.6.0' ],
791 silly audit   didyoumean: [ '1.2.2' ],
791 silly audit   dlv: [ '1.1.3' ],
791 silly audit   'fast-glob': [ '3.3.3' ],
791 silly audit   'glob-parent': [ '6.0.2', '5.1.2' ],
791 silly audit   'is-glob': [ '4.0.3' ],
791 silly audit   jiti: [ '1.21.7' ],
791 silly audit   lilconfig: [ '3.1.3' ],
791 silly audit   micromatch: [ '4.0.8' ],
791 silly audit   'normalize-path': [ '3.0.0' ],
791 silly audit   'object-hash': [ '3.0.0' ],
791 silly audit   'postcss-import': [ '15.1.0' ],
791 silly audit   'postcss-js': [ '4.1.0' ],
791 silly audit   'postcss-load-config': [ '6.0.1' ],
791 silly audit   'postcss-nested': [ '6.2.0' ],
791 silly audit   'postcss-selector-parser': [ '6.1.2' ],
791 silly audit   resolve: [ '1.22.12' ],
791 silly audit   sucrase: [ '3.35.1' ],
791 silly audit   anymatch: [ '3.1.3' ],
791 silly audit   braces: [ '3.0.3' ],
791 silly audit   fsevents: [ '2.3.3' ],
791 silly audit   'is-binary-path': [ '2.1.0' ],
791 silly audit   readdirp: [ '3.6.0' ],
791 silly audit   picomatch: [ '2.3.2', '4.0.4' ],
791 silly audit   'fill-range': [ '7.1.1' ],
791 silly audit   '@nodelib/fs.stat': [ '2.0.5' ],
791 silly audit   '@nodelib/fs.walk': [ '1.2.8' ],
791 silly audit   merge2: [ '1.4.1' ],
791 silly audit   '@nodelib/fs.scandir': [ '2.1.5' ],
791 silly audit   fastq: [ '1.20.1' ],
791 silly audit   'run-parallel': [ '1.2.0' ],
791 silly audit   reusify: [ '1.1.0' ],
791 silly audit   'to-regex-range': [ '5.0.1' ],
791 silly audit   'binary-extensions': [ '2.3.0' ],
791 silly audit   'is-extglob': [ '2.1.1' ],
791 silly audit   'read-cache': [ '1.0.0' ],
791 silly audit   'camelcase-css': [ '2.0.1' ],
791 silly audit   cssesc: [ '3.0.0' ],
791 silly audit   'util-deprecate': [ '1.0.2' ],
791 silly audit   pify: [ '2.3.0' ],
791 silly audit   'es-errors': [ '1.3.0' ],
791 silly audit   'is-core-module': [ '2.16.1' ],
791 silly audit   'path-parse': [ '1.0.7' ],
791 silly audit   'supports-preserve-symlinks-flag': [ '1.0.0' ],
791 silly audit   hasown: [ '2.0.3' ],
791 silly audit   'function-bind': [ '1.1.2' ],
791 silly audit   'queue-microtask': [ '1.2.3' ],
791 silly audit   commander: [ '4.1.1' ],
791 silly audit   'lines-and-columns': [ '1.2.4' ],
791 silly audit   mz: [ '2.7.0' ],
791 silly audit   pirates: [ '4.0.7' ],
791 silly audit   tinyglobby: [ '0.2.16' ],
791 silly audit   'ts-interface-checker': [ '0.1.13' ],
791 silly audit   'any-promise': [ '1.3.0' ],
791 silly audit   'object-assign': [ '4.1.1' ],
791 silly audit   'thenify-all': [ '1.6.0' ],
791 silly audit   thenify: [ '3.3.1' ],
791 silly audit   fdir: [ '6.5.0' ],
791 silly audit   'is-number': [ '7.0.0' ],
791 silly audit   escalade: [ '3.2.0' ],
791 silly audit   esbuild: [ '0.21.5' ],
791 silly audit   rollup: [ '4.60.2' ],
791 silly audit   '@esbuild/aix-ppc64': [ '0.21.5' ],
791 silly audit   '@esbuild/android-arm': [ '0.21.5' ],
791 silly audit   '@esbuild/android-arm64': [ '0.21.5' ],
791 silly audit   '@esbuild/android-x64': [ '0.21.5' ],
791 silly audit   '@esbuild/darwin-arm64': [ '0.21.5' ],
791 silly audit   '@esbuild/darwin-x64': [ '0.21.5' ],
791 silly audit   '@esbuild/freebsd-arm64': [ '0.21.5' ],
791 silly audit   '@esbuild/freebsd-x64': [ '0.21.5' ],
791 silly audit   '@esbuild/linux-arm': [ '0.21.5' ],
791 silly audit   '@esbuild/linux-arm64': [ '0.21.5' ],
791 silly audit   '@esbuild/linux-ia32': [ '0.21.5' ],
791 silly audit   '@esbuild/linux-loong64': [ '0.21.5' ],
791 silly audit   '@esbuild/linux-mips64el': [ '0.21.5' ],
791 silly audit   '@esbuild/linux-ppc64': [ '0.21.5' ],
791 silly audit   '@esbuild/linux-riscv64': [ '0.21.5' ],
791 silly audit   '@esbuild/linux-s390x': [ '0.21.5' ],
791 silly audit   '@esbuild/linux-x64': [ '0.21.5' ],
791 silly audit   '@esbuild/netbsd-x64': [ '0.21.5' ],
791 silly audit   '@esbuild/openbsd-x64': [ '0.21.5' ],
791 silly audit   '@esbuild/sunos-x64': [ '0.21.5' ],
791 silly audit   '@esbuild/win32-arm64': [ '0.21.5' ],
791 silly audit   '@esbuild/win32-ia32': [ '0.21.5' ],
791 silly audit   '@esbuild/win32-x64': [ '0.21.5' ],
791 silly audit   '@rollup/rollup-android-arm-eabi': [ '4.60.2' ],
791 silly audit   '@rollup/rollup-android-arm64': [ '4.60.2' ],
791 silly audit   '@rollup/rollup-darwin-arm64': [ '4.60.2' ],
791 silly audit   '@rollup/rollup-darwin-x64': [ '4.60.2' ],
791 silly audit   '@rollup/rollup-freebsd-arm64': [ '4.60.2' ],
791 silly audit   '@rollup/rollup-freebsd-x64': [ '4.60.2' ],
791 silly audit   '@rollup/rollup-linux-arm-gnueabihf': [ '4.60.2' ],
791 silly audit   '@rollup/rollup-linux-arm-musleabihf': [ '4.60.2' ],
791 silly audit   '@rollup/rollup-linux-arm64-gnu': [ '4.60.2' ],
791 silly audit   '@rollup/rollup-linux-arm64-musl': [ '4.60.2' ],
791 silly audit   '@rollup/rollup-linux-loong64-gnu': [ '4.60.2' ],
791 silly audit   '@rollup/rollup-linux-loong64-musl': [ '4.60.2' ],
791 silly audit   '@rollup/rollup-linux-ppc64-gnu': [ '4.60.2' ],
791 silly audit   '@rollup/rollup-linux-ppc64-musl': [ '4.60.2' ],
791 silly audit   '@rollup/rollup-linux-riscv64-gnu': [ '4.60.2' ],
791 silly audit   '@rollup/rollup-linux-riscv64-musl': [ '4.60.2' ],
791 silly audit   '@rollup/rollup-linux-s390x-gnu': [ '4.60.2' ],
791 silly audit   '@rollup/rollup-linux-x64-gnu': [ '4.60.2' ],
791 silly audit   '@rollup/rollup-linux-x64-musl': [ '4.60.2' ],
791 silly audit   '@rollup/rollup-openbsd-x64': [ '4.60.2' ],
791 silly audit   '@rollup/rollup-openharmony-arm64': [ '4.60.2' ],
791 silly audit   '@rollup/rollup-win32-arm64-msvc': [ '4.60.2' ],
791 silly audit   '@rollup/rollup-win32-ia32-msvc': [ '4.60.2' ],
791 silly audit   '@rollup/rollup-win32-x64-gnu': [ '4.60.2' ],
791 silly audit   '@rollup/rollup-win32-x64-msvc': [ '4.60.2' ],
791 silly audit   '@types/estree': [ '1.0.8' ]
791 silly audit }
792 verbose reify failed optional dependency D:\Usuario\Documents\repos\Marca\neurion\node_modules\@rollup\rollup-win32-ia32-msvc
793 silly reify mark deleted [
793 silly reify   'D:\\Usuario\\Documents\\repos\\Marca\\neurion\\node_modules\\@rollup\\rollup-win32-ia32-msvc'
793 silly reify ]
794 verbose reify failed optional dependency D:\Usuario\Documents\repos\Marca\neurion\node_modules\@rollup\rollup-win32-arm64-msvc
795 silly reify mark deleted [
795 silly reify   'D:\\Usuario\\Documents\\repos\\Marca\\neurion\\node_modules\\@rollup\\rollup-win32-arm64-msvc'
795 silly reify ]
796 verbose reify failed optional dependency D:\Usuario\Documents\repos\Marca\neurion\node_modules\@rollup\rollup-openharmony-arm64
797 silly reify mark deleted [
797 silly reify   'D:\\Usuario\\Documents\\repos\\Marca\\neurion\\node_modules\\@rollup\\rollup-openharmony-arm64'
797 silly reify ]
798 verbose reify failed optional dependency D:\Usuario\Documents\repos\Marca\neurion\node_modules\@rollup\rollup-openbsd-x64
799 silly reify mark deleted [
799 silly reify   'D:\\Usuario\\Documents\\repos\\Marca\\neurion\\node_modules\\@rollup\\rollup-openbsd-x64'
799 silly reify ]
800 verbose reify failed optional dependency D:\Usuario\Documents\repos\Marca\neurion\node_modules\@rollup\rollup-linux-x64-musl
801 silly reify mark deleted [
801 silly reify   'D:\\Usuario\\Documents\\repos\\Marca\\neurion\\node_modules\\@rollup\\rollup-linux-x64-musl'
801 silly reify ]
802 verbose reify failed optional dependency D:\Usuario\Documents\repos\Marca\neurion\node_modules\@rollup\rollup-linux-x64-gnu
803 silly reify mark deleted [
803 silly reify   'D:\\Usuario\\Documents\\repos\\Marca\\neurion\\node_modules\\@rollup\\rollup-linux-x64-gnu'
803 silly reify ]
804 verbose reify failed optional dependency D:\Usuario\Documents\repos\Marca\neurion\node_modules\@rollup\rollup-linux-s390x-gnu
805 silly reify mark deleted [
805 silly reify   'D:\\Usuario\\Documents\\repos\\Marca\\neurion\\node_modules\\@rollup\\rollup-linux-s390x-gnu'
805 silly reify ]
806 verbose reify failed optional dependency D:\Usuario\Documents\repos\Marca\neurion\node_modules\@rollup\rollup-linux-riscv64-musl
807 silly reify mark deleted [
807 silly reify   'D:\\Usuario\\Documents\\repos\\Marca\\neurion\\node_modules\\@rollup\\rollup-linux-riscv64-musl'
807 silly reify ]
808 verbose reify failed optional dependency D:\Usuario\Documents\repos\Marca\neurion\node_modules\@rollup\rollup-linux-riscv64-gnu
809 silly reify mark deleted [
809 silly reify   'D:\\Usuario\\Documents\\repos\\Marca\\neurion\\node_modules\\@rollup\\rollup-linux-riscv64-gnu'
809 silly reify ]
810 verbose reify failed optional dependency D:\Usuario\Documents\repos\Marca\neurion\node_modules\@rollup\rollup-linux-ppc64-musl
811 silly reify mark deleted [
811 silly reify   'D:\\Usuario\\Documents\\repos\\Marca\\neurion\\node_modules\\@rollup\\rollup-linux-ppc64-musl'
811 silly reify ]
812 verbose reify failed optional dependency D:\Usuario\Documents\repos\Marca\neurion\node_modules\@rollup\rollup-linux-ppc64-gnu
813 silly reify mark deleted [
813 silly reify   'D:\\Usuario\\Documents\\repos\\Marca\\neurion\\node_modules\\@rollup\\rollup-linux-ppc64-gnu'
813 silly reify ]
814 verbose reify failed optional dependency D:\Usuario\Documents\repos\Marca\neurion\node_modules\@rollup\rollup-linux-loong64-musl
815 silly reify mark deleted [
815 silly reify   'D:\\Usuario\\Documents\\repos\\Marca\\neurion\\node_modules\\@rollup\\rollup-linux-loong64-musl'
815 silly reify ]
816 verbose reify failed optional dependency D:\Usuario\Documents\repos\Marca\neurion\node_modules\@rollup\rollup-linux-loong64-gnu
817 silly reify mark deleted [
817 silly reify   'D:\\Usuario\\Documents\\repos\\Marca\\neurion\\node_modules\\@rollup\\rollup-linux-loong64-gnu'
817 silly reify ]
818 verbose reify failed optional dependency D:\Usuario\Documents\repos\Marca\neurion\node_modules\@rollup\rollup-linux-arm64-musl
819 silly reify mark deleted [
819 silly reify   'D:\\Usuario\\Documents\\repos\\Marca\\neurion\\node_modules\\@rollup\\rollup-linux-arm64-musl'
819 silly reify ]
820 verbose reify failed optional dependency D:\Usuario\Documents\repos\Marca\neurion\node_modules\@rollup\rollup-linux-arm64-gnu
821 silly reify mark deleted [
821 silly reify   'D:\\Usuario\\Documents\\repos\\Marca\\neurion\\node_modules\\@rollup\\rollup-linux-arm64-gnu'
821 silly reify ]
822 verbose reify failed optional dependency D:\Usuario\Documents\repos\Marca\neurion\node_modules\@rollup\rollup-linux-arm-musleabihf
823 silly reify mark deleted [
823 silly reify   'D:\\Usuario\\Documents\\repos\\Marca\\neurion\\node_modules\\@rollup\\rollup-linux-arm-musleabihf'
823 silly reify ]
824 verbose reify failed optional dependency D:\Usuario\Documents\repos\Marca\neurion\node_modules\@rollup\rollup-linux-arm-gnueabihf
825 silly reify mark deleted [
825 silly reify   'D:\\Usuario\\Documents\\repos\\Marca\\neurion\\node_modules\\@rollup\\rollup-linux-arm-gnueabihf'
825 silly reify ]
826 verbose reify failed optional dependency D:\Usuario\Documents\repos\Marca\neurion\node_modules\@rollup\rollup-freebsd-x64
827 silly reify mark deleted [
827 silly reify   'D:\\Usuario\\Documents\\repos\\Marca\\neurion\\node_modules\\@rollup\\rollup-freebsd-x64'
827 silly reify ]
828 verbose reify failed optional dependency D:\Usuario\Documents\repos\Marca\neurion\node_modules\@rollup\rollup-freebsd-arm64
829 silly reify mark deleted [
829 silly reify   'D:\\Usuario\\Documents\\repos\\Marca\\neurion\\node_modules\\@rollup\\rollup-freebsd-arm64'
829 silly reify ]
830 verbose reify failed optional dependency D:\Usuario\Documents\repos\Marca\neurion\node_modules\@rollup\rollup-darwin-x64
831 silly reify mark deleted [
831 silly reify   'D:\\Usuario\\Documents\\repos\\Marca\\neurion\\node_modules\\@rollup\\rollup-darwin-x64'
831 silly reify ]
832 verbose reify failed optional dependency D:\Usuario\Documents\repos\Marca\neurion\node_modules\@rollup\rollup-darwin-arm64
833 silly reify mark deleted [
833 silly reify   'D:\\Usuario\\Documents\\repos\\Marca\\neurion\\node_modules\\@rollup\\rollup-darwin-arm64'
833 silly reify ]
834 verbose reify failed optional dependency D:\Usuario\Documents\repos\Marca\neurion\node_modules\@rollup\rollup-android-arm64
835 silly reify mark deleted [
835 silly reify   'D:\\Usuario\\Documents\\repos\\Marca\\neurion\\node_modules\\@rollup\\rollup-android-arm64'
835 silly reify ]
836 verbose reify failed optional dependency D:\Usuario\Documents\repos\Marca\neurion\node_modules\@rollup\rollup-android-arm-eabi
837 silly reify mark deleted [
837 silly reify   'D:\\Usuario\\Documents\\repos\\Marca\\neurion\\node_modules\\@rollup\\rollup-android-arm-eabi'
837 silly reify ]
838 verbose reify failed optional dependency D:\Usuario\Documents\repos\Marca\neurion\node_modules\@esbuild\win32-ia32
839 silly reify mark deleted [
839 silly reify   'D:\\Usuario\\Documents\\repos\\Marca\\neurion\\node_modules\\@esbuild\\win32-ia32'
839 silly reify ]
840 verbose reify failed optional dependency D:\Usuario\Documents\repos\Marca\neurion\node_modules\@esbuild\win32-arm64
841 silly reify mark deleted [
841 silly reify   'D:\\Usuario\\Documents\\repos\\Marca\\neurion\\node_modules\\@esbuild\\win32-arm64'
841 silly reify ]
842 verbose reify failed optional dependency D:\Usuario\Documents\repos\Marca\neurion\node_modules\@esbuild\sunos-x64
843 silly reify mark deleted [
843 silly reify   'D:\\Usuario\\Documents\\repos\\Marca\\neurion\\node_modules\\@esbuild\\sunos-x64'
843 silly reify ]
844 verbose reify failed optional dependency D:\Usuario\Documents\repos\Marca\neurion\node_modules\@esbuild\openbsd-x64
845 silly reify mark deleted [
845 silly reify   'D:\\Usuario\\Documents\\repos\\Marca\\neurion\\node_modules\\@esbuild\\openbsd-x64'
845 silly reify ]
846 verbose reify failed optional dependency D:\Usuario\Documents\repos\Marca\neurion\node_modules\@esbuild\netbsd-x64
847 silly reify mark deleted [
847 silly reify   'D:\\Usuario\\Documents\\repos\\Marca\\neurion\\node_modules\\@esbuild\\netbsd-x64'
847 silly reify ]
848 verbose reify failed optional dependency D:\Usuario\Documents\repos\Marca\neurion\node_modules\@esbuild\linux-x64
849 silly reify mark deleted [
849 silly reify   'D:\\Usuario\\Documents\\repos\\Marca\\neurion\\node_modules\\@esbuild\\linux-x64'
849 silly reify ]
850 verbose reify failed optional dependency D:\Usuario\Documents\repos\Marca\neurion\node_modules\@esbuild\linux-s390x
851 silly reify mark deleted [
851 silly reify   'D:\\Usuario\\Documents\\repos\\Marca\\neurion\\node_modules\\@esbuild\\linux-s390x'
851 silly reify ]
852 verbose reify failed optional dependency D:\Usuario\Documents\repos\Marca\neurion\node_modules\@esbuild\linux-riscv64
853 silly reify mark deleted [
853 silly reify   'D:\\Usuario\\Documents\\repos\\Marca\\neurion\\node_modules\\@esbuild\\linux-riscv64'
853 silly reify ]
854 verbose reify failed optional dependency D:\Usuario\Documents\repos\Marca\neurion\node_modules\@esbuild\linux-ppc64
855 silly reify mark deleted [
855 silly reify   'D:\\Usuario\\Documents\\repos\\Marca\\neurion\\node_modules\\@esbuild\\linux-ppc64'
855 silly reify ]
856 verbose reify failed optional dependency D:\Usuario\Documents\repos\Marca\neurion\node_modules\@esbuild\linux-mips64el
857 silly reify mark deleted [
857 silly reify   'D:\\Usuario\\Documents\\repos\\Marca\\neurion\\node_modules\\@esbuild\\linux-mips64el'
857 silly reify ]
858 verbose reify failed optional dependency D:\Usuario\Documents\repos\Marca\neurion\node_modules\@esbuild\linux-loong64
859 silly reify mark deleted [
859 silly reify   'D:\\Usuario\\Documents\\repos\\Marca\\neurion\\node_modules\\@esbuild\\linux-loong64'
859 silly reify ]
860 verbose reify failed optional dependency D:\Usuario\Documents\repos\Marca\neurion\node_modules\@esbuild\linux-ia32
861 silly reify mark deleted [
861 silly reify   'D:\\Usuario\\Documents\\repos\\Marca\\neurion\\node_modules\\@esbuild\\linux-ia32'
861 silly reify ]
862 verbose reify failed optional dependency D:\Usuario\Documents\repos\Marca\neurion\node_modules\@esbuild\linux-arm64
863 silly reify mark deleted [
863 silly reify   'D:\\Usuario\\Documents\\repos\\Marca\\neurion\\node_modules\\@esbuild\\linux-arm64'
863 silly reify ]
864 verbose reify failed optional dependency D:\Usuario\Documents\repos\Marca\neurion\node_modules\@esbuild\linux-arm
865 silly reify mark deleted [
865 silly reify   'D:\\Usuario\\Documents\\repos\\Marca\\neurion\\node_modules\\@esbuild\\linux-arm'
865 silly reify ]
866 verbose reify failed optional dependency D:\Usuario\Documents\repos\Marca\neurion\node_modules\@esbuild\freebsd-x64
867 silly reify mark deleted [
867 silly reify   'D:\\Usuario\\Documents\\repos\\Marca\\neurion\\node_modules\\@esbuild\\freebsd-x64'
867 silly reify ]
868 verbose reify failed optional dependency D:\Usuario\Documents\repos\Marca\neurion\node_modules\@esbuild\freebsd-arm64
869 silly reify mark deleted [
869 silly reify   'D:\\Usuario\\Documents\\repos\\Marca\\neurion\\node_modules\\@esbuild\\freebsd-arm64'
869 silly reify ]
870 verbose reify failed optional dependency D:\Usuario\Documents\repos\Marca\neurion\node_modules\@esbuild\darwin-x64
871 silly reify mark deleted [
871 silly reify   'D:\\Usuario\\Documents\\repos\\Marca\\neurion\\node_modules\\@esbuild\\darwin-x64'
871 silly reify ]
872 verbose reify failed optional dependency D:\Usuario\Documents\repos\Marca\neurion\node_modules\@esbuild\darwin-arm64
873 silly reify mark deleted [
873 silly reify   'D:\\Usuario\\Documents\\repos\\Marca\\neurion\\node_modules\\@esbuild\\darwin-arm64'
873 silly reify ]
874 verbose reify failed optional dependency D:\Usuario\Documents\repos\Marca\neurion\node_modules\@esbuild\android-x64
875 silly reify mark deleted [
875 silly reify   'D:\\Usuario\\Documents\\repos\\Marca\\neurion\\node_modules\\@esbuild\\android-x64'
875 silly reify ]
876 verbose reify failed optional dependency D:\Usuario\Documents\repos\Marca\neurion\node_modules\@esbuild\android-arm64
877 silly reify mark deleted [
877 silly reify   'D:\\Usuario\\Documents\\repos\\Marca\\neurion\\node_modules\\@esbuild\\android-arm64'
877 silly reify ]
878 verbose reify failed optional dependency D:\Usuario\Documents\repos\Marca\neurion\node_modules\@esbuild\android-arm
879 silly reify mark deleted [
879 silly reify   'D:\\Usuario\\Documents\\repos\\Marca\\neurion\\node_modules\\@esbuild\\android-arm'
879 silly reify ]
880 verbose reify failed optional dependency D:\Usuario\Documents\repos\Marca\neurion\node_modules\@esbuild\aix-ppc64
881 silly reify mark deleted [
881 silly reify   'D:\\Usuario\\Documents\\repos\\Marca\\neurion\\node_modules\\@esbuild\\aix-ppc64'
881 silly reify ]
882 verbose reify failed optional dependency D:\Usuario\Documents\repos\Marca\neurion\node_modules\fsevents
883 silly reify mark deleted [
883 silly reify   'D:\\Usuario\\Documents\\repos\\Marca\\neurion\\node_modules\\fsevents'
883 silly reify ]
884 timing reifyNode:node_modules/@rollup/rollup-win32-ia32-msvc Completed in 21ms
885 timing reifyNode:node_modules/@rollup/rollup-win32-arm64-msvc Completed in 21ms
886 timing reifyNode:node_modules/@rollup/rollup-openharmony-arm64 Completed in 21ms
887 timing reifyNode:node_modules/@rollup/rollup-openbsd-x64 Completed in 23ms
888 timing reifyNode:node_modules/@rollup/rollup-linux-x64-musl Completed in 23ms
889 timing reifyNode:node_modules/@rollup/rollup-linux-x64-gnu Completed in 24ms
890 timing reifyNode:node_modules/@rollup/rollup-linux-s390x-gnu Completed in 24ms
891 timing reifyNode:node_modules/@rollup/rollup-linux-riscv64-musl Completed in 24ms
892 timing reifyNode:node_modules/@rollup/rollup-linux-riscv64-gnu Completed in 24ms
893 timing reifyNode:node_modules/@rollup/rollup-linux-ppc64-musl Completed in 24ms
894 timing reifyNode:node_modules/@rollup/rollup-linux-ppc64-gnu Completed in 24ms
895 timing reifyNode:node_modules/@rollup/rollup-linux-loong64-musl Completed in 24ms
896 timing reifyNode:node_modules/@rollup/rollup-linux-loong64-gnu Completed in 24ms
897 timing reifyNode:node_modules/@rollup/rollup-linux-arm64-musl Completed in 24ms
898 timing reifyNode:node_modules/@rollup/rollup-linux-arm64-gnu Completed in 24ms
899 timing reifyNode:node_modules/@rollup/rollup-linux-arm-musleabihf Completed in 23ms
900 timing reifyNode:node_modules/@rollup/rollup-linux-arm-gnueabihf Completed in 23ms
901 timing reifyNode:node_modules/@rollup/rollup-freebsd-x64 Completed in 23ms
902 timing reifyNode:node_modules/@rollup/rollup-freebsd-arm64 Completed in 23ms
903 timing reifyNode:node_modules/@rollup/rollup-darwin-x64 Completed in 23ms
904 timing reifyNode:node_modules/@rollup/rollup-darwin-arm64 Completed in 23ms
905 timing reifyNode:node_modules/@rollup/rollup-android-arm64 Completed in 23ms
906 timing reifyNode:node_modules/@rollup/rollup-android-arm-eabi Completed in 23ms
907 timing reifyNode:node_modules/@esbuild/win32-ia32 Completed in 23ms
908 timing reifyNode:node_modules/@esbuild/win32-arm64 Completed in 23ms
909 timing reifyNode:node_modules/@esbuild/sunos-x64 Completed in 23ms
910 timing reifyNode:node_modules/@esbuild/openbsd-x64 Completed in 23ms
911 timing reifyNode:node_modules/@esbuild/netbsd-x64 Completed in 23ms
912 timing reifyNode:node_modules/@esbuild/linux-x64 Completed in 23ms
913 timing reifyNode:node_modules/@esbuild/linux-s390x Completed in 23ms
914 timing reifyNode:node_modules/@esbuild/linux-riscv64 Completed in 23ms
915 timing reifyNode:node_modules/@esbuild/linux-ppc64 Completed in 23ms
916 timing reifyNode:node_modules/@esbuild/linux-mips64el Completed in 23ms
917 timing reifyNode:node_modules/@esbuild/linux-loong64 Completed in 23ms
918 timing reifyNode:node_modules/@esbuild/linux-ia32 Completed in 23ms
919 timing reifyNode:node_modules/@esbuild/linux-arm64 Completed in 23ms
920 timing reifyNode:node_modules/@esbuild/linux-arm Completed in 23ms
921 timing reifyNode:node_modules/@esbuild/freebsd-x64 Completed in 23ms
922 timing reifyNode:node_modules/@esbuild/freebsd-arm64 Completed in 23ms
923 timing reifyNode:node_modules/@esbuild/darwin-x64 Completed in 23ms
924 timing reifyNode:node_modules/@esbuild/darwin-arm64 Completed in 23ms
925 timing reifyNode:node_modules/@esbuild/android-x64 Completed in 23ms
926 timing reifyNode:node_modules/@esbuild/android-arm64 Completed in 24ms
927 timing reifyNode:node_modules/@esbuild/android-arm Completed in 24ms
928 timing reifyNode:node_modules/@esbuild/aix-ppc64 Completed in 24ms
929 timing reifyNode:node_modules/fsevents Completed in 23ms
930 silly tarball no local data for @types/estree@https://registry.npmjs.org/@types/estree/-/estree-1.0.8.tgz. Extracting by manifest.
931 silly tarball no local data for @rollup/rollup-win32-x64-gnu@https://registry.npmjs.org/@rollup/rollup-win32-x64-gnu/-/rollup-win32-x64-gnu-4.60.2.tgz. Extracting by manifest.
932 silly tarball no local data for @esbuild/win32-x64@https://registry.npmjs.org/@esbuild/win32-x64/-/win32-x64-0.21.5.tgz. Extracting by manifest.
933 silly tarball no local data for @rollup/rollup-win32-x64-msvc@https://registry.npmjs.org/@rollup/rollup-win32-x64-msvc/-/rollup-win32-x64-msvc-4.60.2.tgz. Extracting by manifest.
934 silly tarball no local data for esbuild@https://registry.npmjs.org/esbuild/-/esbuild-0.21.5.tgz. Extracting by manifest.
935 silly tarball no local data for is-number@https://registry.npmjs.org/is-number/-/is-number-7.0.0.tgz. Extracting by manifest.
936 silly tarball no local data for thenify-all@https://registry.npmjs.org/thenify-all/-/thenify-all-1.6.0.tgz. Extracting by manifest.
937 silly tarball no local data for escalade@https://registry.npmjs.org/escalade/-/escalade-3.2.0.tgz. Extracting by manifest.
938 silly tarball no local data for rollup@https://registry.npmjs.org/rollup/-/rollup-4.60.2.tgz. Extracting by manifest.
939 silly tarball no local data for object-assign@https://registry.npmjs.org/object-assign/-/object-assign-4.1.1.tgz. Extracting by manifest.
940 silly tarball no local data for any-promise@https://registry.npmjs.org/any-promise/-/any-promise-1.3.0.tgz. Extracting by manifest.
941 silly tarball no local data for thenify@https://registry.npmjs.org/thenify/-/thenify-3.3.1.tgz. Extracting by manifest.
942 silly tarball no local data for ts-interface-checker@https://registry.npmjs.org/ts-interface-checker/-/ts-interface-checker-0.1.13.tgz. Extracting by manifest.
943 silly tarball no local data for tinyglobby@https://registry.npmjs.org/tinyglobby/-/tinyglobby-0.2.16.tgz. Extracting by manifest.
944 silly tarball no local data for mz@https://registry.npmjs.org/mz/-/mz-2.7.0.tgz. Extracting by manifest.
945 silly tarball no local data for pirates@https://registry.npmjs.org/pirates/-/pirates-4.0.7.tgz. Extracting by manifest.
946 silly tarball no local data for lines-and-columns@https://registry.npmjs.org/lines-and-columns/-/lines-and-columns-1.2.4.tgz. Extracting by manifest.
947 silly tarball no local data for queue-microtask@https://registry.npmjs.org/queue-microtask/-/queue-microtask-1.2.3.tgz. Extracting by manifest.
948 silly tarball no local data for commander@https://registry.npmjs.org/commander/-/commander-4.1.1.tgz. Extracting by manifest.
949 silly tarball no local data for function-bind@https://registry.npmjs.org/function-bind/-/function-bind-1.1.2.tgz. Extracting by manifest.
950 silly tarball no local data for hasown@https://registry.npmjs.org/hasown/-/hasown-2.0.3.tgz. Extracting by manifest.
951 silly tarball no local data for path-parse@https://registry.npmjs.org/path-parse/-/path-parse-1.0.7.tgz. Extracting by manifest.
952 silly tarball no local data for supports-preserve-symlinks-flag@https://registry.npmjs.org/supports-preserve-symlinks-flag/-/supports-preserve-symlinks-flag-1.0.0.tgz. Extracting by manifest.
953 silly tarball no local data for is-core-module@https://registry.npmjs.org/is-core-module/-/is-core-module-2.16.1.tgz. Extracting by manifest.
954 silly tarball no local data for es-errors@https://registry.npmjs.org/es-errors/-/es-errors-1.3.0.tgz. Extracting by manifest.
955 silly tarball no local data for pify@https://registry.npmjs.org/pify/-/pify-2.3.0.tgz. Extracting by manifest.
956 silly tarball no local data for util-deprecate@https://registry.npmjs.org/util-deprecate/-/util-deprecate-1.0.2.tgz. Extracting by manifest.
957 silly tarball no local data for cssesc@https://registry.npmjs.org/cssesc/-/cssesc-3.0.0.tgz. Extracting by manifest.
958 silly tarball no local data for camelcase-css@https://registry.npmjs.org/camelcase-css/-/camelcase-css-2.0.1.tgz. Extracting by manifest.
959 silly tarball no local data for read-cache@https://registry.npmjs.org/read-cache/-/read-cache-1.0.0.tgz. Extracting by manifest.
960 silly tarball no local data for binary-extensions@https://registry.npmjs.org/binary-extensions/-/binary-extensions-2.3.0.tgz. Extracting by manifest.
961 silly tarball no local data for is-extglob@https://registry.npmjs.org/is-extglob/-/is-extglob-2.1.1.tgz. Extracting by manifest.
962 silly tarball no local data for @nodelib/fs.scandir@https://registry.npmjs.org/@nodelib/fs.scandir/-/fs.scandir-2.1.5.tgz. Extracting by manifest.
963 silly tarball no local data for reusify@https://registry.npmjs.org/reusify/-/reusify-1.1.0.tgz. Extracting by manifest.
964 silly tarball no local data for to-regex-range@https://registry.npmjs.org/to-regex-range/-/to-regex-range-5.0.1.tgz. Extracting by manifest.
965 silly tarball no local data for @nodelib/fs.walk@https://registry.npmjs.org/@nodelib/fs.walk/-/fs.walk-1.2.8.tgz. Extracting by manifest.
966 silly tarball no local data for run-parallel@https://registry.npmjs.org/run-parallel/-/run-parallel-1.2.0.tgz. Extracting by manifest.
967 silly tarball no local data for @nodelib/fs.stat@https://registry.npmjs.org/@nodelib/fs.stat/-/fs.stat-2.0.5.tgz. Extracting by manifest.
968 silly tarball no local data for fastq@https://registry.npmjs.org/fastq/-/fastq-1.20.1.tgz. Extracting by manifest.
969 silly tarball no local data for merge2@https://registry.npmjs.org/merge2/-/merge2-1.4.1.tgz. Extracting by manifest.
970 silly tarball no local data for fill-range@https://registry.npmjs.org/fill-range/-/fill-range-7.1.1.tgz. Extracting by manifest.
971 silly tarball no local data for picomatch@https://registry.npmjs.org/picomatch/-/picomatch-2.3.2.tgz. Extracting by manifest.
972 silly tarball no local data for is-binary-path@https://registry.npmjs.org/is-binary-path/-/is-binary-path-2.1.0.tgz. Extracting by manifest.
973 silly tarball no local data for readdirp@https://registry.npmjs.org/readdirp/-/readdirp-3.6.0.tgz. Extracting by manifest.
974 silly tarball no local data for anymatch@https://registry.npmjs.org/anymatch/-/anymatch-3.1.3.tgz. Extracting by manifest.
975 silly tarball no local data for braces@https://registry.npmjs.org/braces/-/braces-3.0.3.tgz. Extracting by manifest.
976 silly tarball no local data for resolve@https://registry.npmjs.org/resolve/-/resolve-1.22.12.tgz. Extracting by manifest.
977 silly tarball no local data for sucrase@https://registry.npmjs.org/sucrase/-/sucrase-3.35.1.tgz. Extracting by manifest.
978 silly tarball no local data for postcss-selector-parser@https://registry.npmjs.org/postcss-selector-parser/-/postcss-selector-parser-6.1.2.tgz. Extracting by manifest.
979 silly tarball no local data for postcss-nested@https://registry.npmjs.org/postcss-nested/-/postcss-nested-6.2.0.tgz. Extracting by manifest.
980 silly tarball no local data for postcss-load-config@https://registry.npmjs.org/postcss-load-config/-/postcss-load-config-6.0.1.tgz. Extracting by manifest.
981 silly tarball no local data for postcss-js@https://registry.npmjs.org/postcss-js/-/postcss-js-4.1.0.tgz. Extracting by manifest.
982 silly tarball no local data for postcss-import@https://registry.npmjs.org/postcss-import/-/postcss-import-15.1.0.tgz. Extracting by manifest.
983 silly tarball no local data for normalize-path@https://registry.npmjs.org/normalize-path/-/normalize-path-3.0.0.tgz. Extracting by manifest.
984 silly tarball no local data for object-hash@https://registry.npmjs.org/object-hash/-/object-hash-3.0.0.tgz. Extracting by manifest.
985 silly tarball no local data for micromatch@https://registry.npmjs.org/micromatch/-/micromatch-4.0.8.tgz. Extracting by manifest.
986 silly tarball no local data for jiti@https://registry.npmjs.org/jiti/-/jiti-1.21.7.tgz. Extracting by manifest.
987 silly tarball no local data for is-glob@https://registry.npmjs.org/is-glob/-/is-glob-4.0.3.tgz. Extracting by manifest.
988 silly tarball no local data for lilconfig@https://registry.npmjs.org/lilconfig/-/lilconfig-3.1.3.tgz. Extracting by manifest.
989 silly tarball no local data for glob-parent@https://registry.npmjs.org/glob-parent/-/glob-parent-6.0.2.tgz. Extracting by manifest.
990 silly tarball no local data for dlv@https://registry.npmjs.org/dlv/-/dlv-1.1.3.tgz. Extracting by manifest.
991 silly tarball no local data for didyoumean@https://registry.npmjs.org/didyoumean/-/didyoumean-1.2.2.tgz. Extracting by manifest.
992 silly tarball no local data for fast-glob@https://registry.npmjs.org/fast-glob/-/fast-glob-3.3.3.tgz. Extracting by manifest.
993 silly tarball no local data for @alloc/quick-lru@https://registry.npmjs.org/@alloc/quick-lru/-/quick-lru-5.2.0.tgz. Extracting by manifest.
994 silly tarball no local data for arg@https://registry.npmjs.org/arg/-/arg-5.0.2.tgz. Extracting by manifest.
995 silly tarball no local data for chokidar@https://registry.npmjs.org/chokidar/-/chokidar-3.6.0.tgz. Extracting by manifest.
996 silly tarball no local data for loose-envify@https://registry.npmjs.org/loose-envify/-/loose-envify-1.4.0.tgz. Extracting by manifest.
997 silly tarball no local data for scheduler@https://registry.npmjs.org/scheduler/-/scheduler-0.23.2.tgz. Extracting by manifest.
998 silly tarball no local data for source-map-js@https://registry.npmjs.org/source-map-js/-/source-map-js-1.2.1.tgz. Extracting by manifest.
999 silly tarball no local data for nanoid@https://registry.npmjs.org/nanoid/-/nanoid-3.3.11.tgz. Extracting by manifest.
1000 silly tarball no local data for ms@https://registry.npmjs.org/ms/-/ms-2.1.3.tgz. Extracting by manifest.
1001 silly tarball no local data for yallist@https://registry.npmjs.org/yallist/-/yallist-3.1.1.tgz. Extracting by manifest.
1002 silly tarball no local data for node-releases@https://registry.npmjs.org/node-releases/-/node-releases-2.0.38.tgz. Extracting by manifest.
1003 silly tarball no local data for electron-to-chromium@https://registry.npmjs.org/electron-to-chromium/-/electron-to-chromium-1.5.344.tgz. Extracting by manifest.
1004 silly tarball no local data for update-browserslist-db@https://registry.npmjs.org/update-browserslist-db/-/update-browserslist-db-1.2.3.tgz. Extracting by manifest.
1005 silly tarball no local data for baseline-browser-mapping@https://registry.npmjs.org/baseline-browser-mapping/-/baseline-browser-mapping-2.10.24.tgz. Extracting by manifest.
1006 silly tarball no local data for @types/babel__template@https://registry.npmjs.org/@types/babel__template/-/babel__template-7.4.4.tgz. Extracting by manifest.
1007 silly tarball no local data for postcss-value-parser@https://registry.npmjs.org/postcss-value-parser/-/postcss-value-parser-4.2.0.tgz. Extracting by manifest.
1008 silly tarball no local data for @types/babel__generator@https://registry.npmjs.org/@types/babel__generator/-/babel__generator-7.27.0.tgz. Extracting by manifest.
1009 silly tarball no local data for fraction.js@https://registry.npmjs.org/fraction.js/-/fraction.js-5.3.4.tgz. Extracting by manifest.
1010 silly tarball no local data for caniuse-lite@https://registry.npmjs.org/caniuse-lite/-/caniuse-lite-1.0.30001791.tgz. Extracting by manifest.
1011 silly tarball no local data for @types/babel__traverse@https://registry.npmjs.org/@types/babel__traverse/-/babel__traverse-7.28.0.tgz. Extracting by manifest.
1012 silly tarball no local data for @jridgewell/resolve-uri@https://registry.npmjs.org/@jridgewell/resolve-uri/-/resolve-uri-3.1.2.tgz. Extracting by manifest.
1013 silly tarball no local data for @babel/helper-string-parser@https://registry.npmjs.org/@babel/helper-string-parser/-/helper-string-parser-7.27.1.tgz. Extracting by manifest.
1014 silly tarball no local data for @jridgewell/sourcemap-codec@https://registry.npmjs.org/@jridgewell/sourcemap-codec/-/sourcemap-codec-1.5.5.tgz. Extracting by manifest.
1015 silly tarball no local data for lru-cache@https://registry.npmjs.org/lru-cache/-/lru-cache-5.1.1.tgz. Extracting by manifest.
1016 silly tarball no local data for @babel/helper-globals@https://registry.npmjs.org/@babel/helper-globals/-/helper-globals-7.28.0.tgz. Extracting by manifest.
1017 silly tarball no local data for browserslist@https://registry.npmjs.org/browserslist/-/browserslist-4.28.2.tgz. Extracting by manifest.
1018 silly tarball no local data for @babel/helper-plugin-utils@https://registry.npmjs.org/@babel/helper-plugin-utils/-/helper-plugin-utils-7.28.6.tgz. Extracting by manifest.
1019 silly tarball no local data for jsesc@https://registry.npmjs.org/jsesc/-/jsesc-3.1.0.tgz. Extracting by manifest.
1020 silly tarball no local data for @babel/helper-module-imports@https://registry.npmjs.org/@babel/helper-module-imports/-/helper-module-imports-7.28.6.tgz. Extracting by manifest.
1021 silly tarball no local data for @babel/helper-validator-option@https://registry.npmjs.org/@babel/helper-validator-option/-/helper-validator-option-7.27.1.tgz. Extracting by manifest.
1022 silly tarball no local data for @babel/compat-data@https://registry.npmjs.org/@babel/compat-data/-/compat-data-7.29.0.tgz. Extracting by manifest.
1023 silly tarball no local data for @jridgewell/trace-mapping@https://registry.npmjs.org/@jridgewell/trace-mapping/-/trace-mapping-0.3.31.tgz. Extracting by manifest.
1024 silly tarball no local data for @jridgewell/gen-mapping@https://registry.npmjs.org/@jridgewell/gen-mapping/-/gen-mapping-0.3.13.tgz. Extracting by manifest.
1025 silly tarball no local data for @babel/helper-validator-identifier@https://registry.npmjs.org/@babel/helper-validator-identifier/-/helper-validator-identifier-7.28.5.tgz. Extracting by manifest.
1026 silly tarball no local data for js-tokens@https://registry.npmjs.org/js-tokens/-/js-tokens-4.0.0.tgz. Extracting by manifest.
1027 silly tarball no local data for picocolors@https://registry.npmjs.org/picocolors/-/picocolors-1.1.1.tgz. Extracting by manifest.
1028 silly tarball no local data for json5@https://registry.npmjs.org/json5/-/json5-2.2.3.tgz. Extracting by manifest.
1029 silly tarball no local data for semver@https://registry.npmjs.org/semver/-/semver-6.3.1.tgz. Extracting by manifest.
1030 silly tarball no local data for gensync@https://registry.npmjs.org/gensync/-/gensync-1.0.0-beta.2.tgz. Extracting by manifest.
1031 silly tarball no local data for debug@https://registry.npmjs.org/debug/-/debug-4.4.3.tgz. Extracting by manifest.
1032 silly tarball no local data for @jridgewell/remapping@https://registry.npmjs.org/@jridgewell/remapping/-/remapping-2.3.5.tgz. Extracting by manifest.
1033 silly tarball no local data for @babel/types@https://registry.npmjs.org/@babel/types/-/types-7.29.0.tgz. Extracting by manifest.
1034 silly tarball no local data for convert-source-map@https://registry.npmjs.org/convert-source-map/-/convert-source-map-2.0.0.tgz. Extracting by manifest.
1035 silly tarball no local data for @babel/traverse@https://registry.npmjs.org/@babel/traverse/-/traverse-7.29.0.tgz. Extracting by manifest.
1036 silly tarball no local data for @babel/template@https://registry.npmjs.org/@babel/template/-/template-7.28.6.tgz. Extracting by manifest.
1037 silly tarball no local data for @babel/parser@https://registry.npmjs.org/@babel/parser/-/parser-7.29.2.tgz. Extracting by manifest.
1038 silly tarball no local data for @babel/helpers@https://registry.npmjs.org/@babel/helpers/-/helpers-7.29.2.tgz. Extracting by manifest.
1039 silly tarball no local data for @babel/helper-module-transforms@https://registry.npmjs.org/@babel/helper-module-transforms/-/helper-module-transforms-7.28.6.tgz. Extracting by manifest.
1040 silly tarball no local data for @babel/helper-compilation-targets@https://registry.npmjs.org/@babel/helper-compilation-targets/-/helper-compilation-targets-7.28.6.tgz. Extracting by manifest.
1041 silly tarball no local data for @types/babel__core@https://registry.npmjs.org/@types/babel__core/-/babel__core-7.20.5.tgz. Extracting by manifest.
1042 silly tarball no local data for @babel/generator@https://registry.npmjs.org/@babel/generator/-/generator-7.29.1.tgz. Extracting by manifest.
1043 silly tarball no local data for @babel/code-frame@https://registry.npmjs.org/@babel/code-frame/-/code-frame-7.29.0.tgz. Extracting by manifest.
1044 silly tarball no local data for react-refresh@https://registry.npmjs.org/react-refresh/-/react-refresh-0.17.0.tgz. Extracting by manifest.
1045 silly tarball no local data for @babel/plugin-transform-react-jsx-source@https://registry.npmjs.org/@babel/plugin-transform-react-jsx-source/-/plugin-transform-react-jsx-source-7.27.1.tgz. Extracting by manifest.
1046 silly tarball no local data for tailwindcss@https://registry.npmjs.org/tailwindcss/-/tailwindcss-3.4.19.tgz. Extracting by manifest.
1047 silly tarball no local data for @babel/plugin-transform-react-jsx-self@https://registry.npmjs.org/@babel/plugin-transform-react-jsx-self/-/plugin-transform-react-jsx-self-7.27.1.tgz. Extracting by manifest.
1048 silly tarball no local data for @babel/core@https://registry.npmjs.org/@babel/core/-/core-7.29.0.tgz. Extracting by manifest.
1049 silly tarball no local data for react-dom@https://registry.npmjs.org/react-dom/-/react-dom-18.3.1.tgz. Extracting by manifest.
1050 silly tarball no local data for react@https://registry.npmjs.org/react/-/react-18.3.1.tgz. Extracting by manifest.
1051 silly tarball no local data for @rolldown/pluginutils@https://registry.npmjs.org/@rolldown/pluginutils/-/pluginutils-1.0.0-beta.27.tgz. Extracting by manifest.
1052 silly tarball no local data for @vitejs/plugin-react@https://registry.npmjs.org/@vitejs/plugin-react/-/plugin-react-4.7.0.tgz. Extracting by manifest.
1053 silly tarball no local data for picomatch@https://registry.npmjs.org/picomatch/-/picomatch-4.0.4.tgz. Extracting by manifest.
1054 silly tarball no local data for postcss@https://registry.npmjs.org/postcss/-/postcss-8.5.12.tgz. Extracting by manifest.
1055 silly tarball no local data for autoprefixer@https://registry.npmjs.org/autoprefixer/-/autoprefixer-10.5.0.tgz. Extracting by manifest.
1056 silly tarball no local data for vite@https://registry.npmjs.org/vite/-/vite-5.4.21.tgz. Extracting by manifest.
1057 silly tarball no local data for fdir@https://registry.npmjs.org/fdir/-/fdir-6.5.0.tgz. Extracting by manifest.
1058 silly tarball no local data for glob-parent@https://registry.npmjs.org/glob-parent/-/glob-parent-5.1.2.tgz. Extracting by manifest.
1059 silly tarball no local data for glob-parent@https://registry.npmjs.org/glob-parent/-/glob-parent-5.1.2.tgz. Extracting by manifest.
1060 http fetch POST 200 https://registry.npmjs.org/-/npm/v1/security/advisories/bulk 301ms
1061 timing auditReport:getReport Completed in 304ms
1062 silly audit report {
1062 silly audit report   vite: [
1062 silly audit report     {
1062 silly audit report       id: 1116229,
1062 silly audit report       url: 'https://github.com/advisories/GHSA-4w7w-66w2-5vf9',
1062 silly audit report       title: 'Vite Vulnerable to Path Traversal in Optimized Deps `.map` Handling',
1062 silly audit report       severity: 'moderate',
1062 silly audit report       vulnerable_versions: '<=6.4.1',
1062 silly audit report       cwe: [Array],
1062 silly audit report       cvss: [Object]
1062 silly audit report     }
1062 silly audit report   ],
1062 silly audit report   esbuild: [
1062 silly audit report     {
1062 silly audit report       id: 1102341,
1062 silly audit report       url: 'https://github.com/advisories/GHSA-67mh-4wv8-2f99',
1062 silly audit report       title: 'esbuild enables any website to send any requests to the development server and read the response',
1062 silly audit report       severity: 'moderate',
1062 silly audit report       vulnerable_versions: '<=0.24.2',
1062 silly audit report       cwe: [Array],
1062 silly audit report       cvss: [Object]
1062 silly audit report     }
1062 silly audit report   ]
1062 silly audit report }
1063 timing metavuln:packument:vite Completed in 0ms
1064 timing metavuln:packument:esbuild Completed in 0ms
1065 http fetch GET 200 https://registry.npmjs.org/tinyglobby/-/tinyglobby-0.2.16.tgz 246ms (cache miss)
1066 http fetch GET 200 https://registry.npmjs.org/any-promise/-/any-promise-1.3.0.tgz 251ms (cache miss)
1067 timing metavuln:cache:get:security-advisory:vite:I1BdsVrQ8+F0Nz5pjiEY7gYSFBzvKNwOR8nQyg9euOprN34SC4VipJH1GMc8WCRl+e0xZWGr2QiYwiNwqO4gag== Completed in 8ms
1068 timing metavuln:load:security-advisory:vite:1116229 Completed in 16ms
1069 timing metavuln:cache:get:security-advisory:esbuild:jKdCIzePj7J1488qgRXvF8Srh9wutSuR1exB8YooNX62hT+qhtrUXYbArLNoIhgwbaCqKpmduh18syZU7BR9SA== Completed in 24ms
1070 timing metavuln:load:security-advisory:esbuild:1102341 Completed in 5ms
1071 http fetch GET 200 https://registry.npmjs.org/escalade/-/escalade-3.2.0.tgz 285ms (cache miss)
1072 http fetch GET 200 https://registry.npmjs.org/thenify/-/thenify-3.3.1.tgz 280ms (cache miss)
1073 http fetch GET 200 https://registry.npmjs.org/@types/estree/-/estree-1.0.8.tgz 292ms (cache miss)
1074 http fetch GET 200 https://registry.npmjs.org/is-number/-/is-number-7.0.0.tgz 303ms (cache miss)
1075 timing reifyNode:node_modules/is-number Completed in 353ms
1076 http fetch GET 200 https://registry.npmjs.org/object-assign/-/object-assign-4.1.1.tgz 303ms (cache miss)
1077 timing reifyNode:node_modules/object-assign Completed in 357ms
1078 timing reifyNode:node_modules/thenify Completed in 357ms
1079 http fetch GET 200 https://registry.npmjs.org/thenify-all/-/thenify-all-1.6.0.tgz 310ms (cache miss)
1080 timing reifyNode:node_modules/thenify-all Completed in 361ms
1081 timing reifyNode:node_modules/@types/estree Completed in 363ms
1082 http fetch GET 200 https://registry.npmjs.org/pirates/-/pirates-4.0.7.tgz 338ms (cache miss)
1083 http fetch GET 200 https://registry.npmjs.org/es-errors/-/es-errors-1.3.0.tgz 352ms (cache miss)
1084 http fetch GET 200 https://registry.npmjs.org/queue-microtask/-/queue-microtask-1.2.3.tgz 363ms (cache miss)
1085 http fetch GET 200 https://registry.npmjs.org/lines-and-columns/-/lines-and-columns-1.2.4.tgz 365ms (cache miss)
1086 timing reifyNode:node_modules/tinyglobby Completed in 426ms
1087 http fetch GET 200 https://registry.npmjs.org/supports-preserve-symlinks-flag/-/supports-preserve-symlinks-flag-1.0.0.tgz 369ms (cache miss)
1088 http fetch GET 200 https://registry.npmjs.org/path-parse/-/path-parse-1.0.7.tgz 370ms (cache miss)
1089 timing reifyNode:node_modules/path-parse Completed in 433ms
1090 timing reifyNode:node_modules/lines-and-columns Completed in 444ms
1091 timing reifyNode:node_modules/queue-microtask Completed in 445ms
1092 http fetch GET 200 https://registry.npmjs.org/reusify/-/reusify-1.1.0.tgz 373ms (cache miss)
1093 timing reifyNode:node_modules/pirates Completed in 451ms
1094 http fetch GET 200 https://registry.npmjs.org/is-core-module/-/is-core-module-2.16.1.tgz 386ms (cache miss)
1095 http fetch GET 200 https://registry.npmjs.org/esbuild/-/esbuild-0.21.5.tgz 406ms (cache miss)
1096 http fetch GET 200 https://registry.npmjs.org/mz/-/mz-2.7.0.tgz 395ms (cache miss)
1097 http fetch GET 200 https://registry.npmjs.org/hasown/-/hasown-2.0.3.tgz 392ms (cache miss)
1098 http fetch GET 200 https://registry.npmjs.org/util-deprecate/-/util-deprecate-1.0.2.tgz 388ms (cache miss)
1099 http fetch GET 200 https://registry.npmjs.org/pify/-/pify-2.3.0.tgz 389ms (cache miss)
1100 timing reifyNode:node_modules/pify Completed in 455ms
1101 timing metavuln:cache:put:security-advisory:vite:I1BdsVrQ8+F0Nz5pjiEY7gYSFBzvKNwOR8nQyg9euOprN34SC4VipJH1GMc8WCRl+e0xZWGr2QiYwiNwqO4gag== Completed in 140ms
1102 timing metavuln:calculate:security-advisory:vite:1116229 Completed in 164ms
1103 timing metavuln:cache:put:security-advisory:esbuild:jKdCIzePj7J1488qgRXvF8Srh9wutSuR1exB8YooNX62hT+qhtrUXYbArLNoIhgwbaCqKpmduh18syZU7BR9SA== Completed in 133ms
1104 timing metavuln:calculate:security-advisory:esbuild:1102341 Completed in 163ms
1105 timing metavuln:packument:@vitejs/plugin-react Completed in 0ms
1106 http fetch GET 200 https://registry.npmjs.org/to-regex-range/-/to-regex-range-5.0.1.tgz 401ms (cache miss)
1107 timing reifyNode:node_modules/to-regex-range Completed in 477ms
1108 http fetch GET 200 https://registry.npmjs.org/binary-extensions/-/binary-extensions-2.3.0.tgz 413ms (cache miss)
1109 timing reifyNode:node_modules/esbuild Completed in 488ms
1110 http fetch GET 200 https://registry.npmjs.org/run-parallel/-/run-parallel-1.2.0.tgz 409ms (cache miss)
1111 http fetch GET 200 https://registry.npmjs.org/ts-interface-checker/-/ts-interface-checker-0.1.13.tgz 429ms (cache miss)
1112 timing metavuln:cache:get:security-advisory:@vitejs/plugin-react:9Gy9+ze27G1us6B+W8biV10fSWWlbvxdqXOWR2dOcacJriijvaJSB375JaNqMBMF4g4ZE1YqsyqGPI5D0gHDqQ== Completed in 12ms
1113 timing metavuln:load:security-advisory:@vitejs/plugin-react:I1BdsVrQ8+F0Nz5pjiEY7gYSFBzvKNwOR8nQyg9euOprN34SC4VipJH1GMc8WCRl+e0xZWGr2QiYwiNwqO4gag== Completed in 41ms
1114 timing reifyNode:node_modules/run-parallel Completed in 540ms
1115 http fetch GET 200 https://registry.npmjs.org/read-cache/-/read-cache-1.0.0.tgz 489ms (cache miss)
1116 timing reifyNode:node_modules/read-cache Completed in 558ms
1117 http fetch GET 200 https://registry.npmjs.org/is-extglob/-/is-extglob-2.1.1.tgz 485ms (cache miss)
1118 timing reifyNode:node_modules/is-extglob Completed in 559ms
1119 http fetch GET 200 https://registry.npmjs.org/camelcase-css/-/camelcase-css-2.0.1.tgz 491ms (cache miss)
1120 timing reifyNode:node_modules/camelcase-css Completed in 559ms
1121 timing reifyNode:node_modules/ts-interface-checker Completed in 565ms
1122 timing reifyNode:node_modules/util-deprecate Completed in 570ms
1123 http fetch GET 200 https://registry.npmjs.org/cssesc/-/cssesc-3.0.0.tgz 508ms (cache miss)
1124 http fetch GET 200 https://registry.npmjs.org/commander/-/commander-4.1.1.tgz 514ms (cache miss)
1125 http fetch GET 200 https://registry.npmjs.org/fastq/-/fastq-1.20.1.tgz 503ms (cache miss)
1126 http fetch GET 200 https://registry.npmjs.org/fill-range/-/fill-range-7.1.1.tgz 502ms (cache miss)
1127 timing reifyNode:node_modules/cssesc Completed in 593ms
1128 timing reifyNode:node_modules/commander Completed in 594ms
1129 timing reifyNode:node_modules/fill-range Completed in 594ms
1130 http fetch GET 200 https://registry.npmjs.org/anymatch/-/anymatch-3.1.3.tgz 519ms (cache miss)
1131 http fetch GET 200 https://registry.npmjs.org/@nodelib/fs.walk/-/fs.walk-1.2.8.tgz 526ms (cache miss)
1132 timing reifyNode:node_modules/binary-extensions Completed in 604ms
1133 http fetch GET 200 https://registry.npmjs.org/postcss-nested/-/postcss-nested-6.2.0.tgz 528ms (cache miss)
1134 http fetch GET 200 https://registry.npmjs.org/readdirp/-/readdirp-3.6.0.tgz 539ms (cache miss)
1135 http fetch GET 200 https://registry.npmjs.org/is-binary-path/-/is-binary-path-2.1.0.tgz 540ms (cache miss)
1136 timing reifyNode:node_modules/escalade Completed in 636ms
1137 http fetch GET 200 https://registry.npmjs.org/@nodelib/fs.stat/-/fs.stat-2.0.5.tgz 568ms (cache miss)
1138 timing reifyNode:node_modules/is-binary-path Completed in 647ms
1139 timing reifyNode:node_modules/readdirp Completed in 657ms
1140 http fetch GET 200 https://registry.npmjs.org/merge2/-/merge2-1.4.1.tgz 577ms (cache miss)
1141 timing reifyNode:node_modules/merge2 Completed in 657ms
1142 timing reifyNode:node_modules/anymatch Completed in 658ms
1143 http fetch GET 200 https://registry.npmjs.org/postcss-load-config/-/postcss-load-config-6.0.1.tgz 573ms (cache miss)
1144 http fetch GET 200 https://registry.npmjs.org/postcss-js/-/postcss-js-4.1.0.tgz 574ms (cache miss)
1145 timing reifyNode:node_modules/postcss-nested Completed in 668ms
1146 http fetch GET 200 https://registry.npmjs.org/normalize-path/-/normalize-path-3.0.0.tgz 574ms (cache miss)
1147 http fetch GET 200 https://registry.npmjs.org/dlv/-/dlv-1.1.3.tgz 585ms (cache miss)
1148 timing reifyNode:node_modules/normalize-path Completed in 684ms
1149 http fetch GET 200 https://registry.npmjs.org/didyoumean/-/didyoumean-1.2.2.tgz 585ms (cache miss)
1150 http fetch GET 200 https://registry.npmjs.org/glob-parent/-/glob-parent-6.0.2.tgz 586ms (cache miss)
1151 timing reifyNode:node_modules/glob-parent Completed in 700ms
1152 http fetch GET 200 https://registry.npmjs.org/arg/-/arg-5.0.2.tgz 599ms (cache miss)
1153 http fetch GET 200 https://registry.npmjs.org/micromatch/-/micromatch-4.0.8.tgz 620ms (cache miss)
1154 timing metavuln:cache:put:security-advisory:@vitejs/plugin-react:9Gy9+ze27G1us6B+W8biV10fSWWlbvxdqXOWR2dOcacJriijvaJSB375JaNqMBMF4g4ZE1YqsyqGPI5D0gHDqQ== Completed in 188ms
1155 timing metavuln:calculate:security-advisory:@vitejs/plugin-react:I1BdsVrQ8+F0Nz5pjiEY7gYSFBzvKNwOR8nQyg9euOprN34SC4VipJH1GMc8WCRl+e0xZWGr2QiYwiNwqO4gag== Completed in 241ms
1156 http fetch GET 200 https://registry.npmjs.org/lilconfig/-/lilconfig-3.1.3.tgz 620ms (cache miss)
1157 http fetch GET 200 https://registry.npmjs.org/@alloc/quick-lru/-/quick-lru-5.2.0.tgz 632ms (cache miss)
1158 http fetch GET 200 https://registry.npmjs.org/postcss-value-parser/-/postcss-value-parser-4.2.0.tgz 619ms (cache miss)
1159 http fetch GET 200 https://registry.npmjs.org/postcss-import/-/postcss-import-15.1.0.tgz 640ms (cache miss)
1160 timing metavuln:cache:get:security-advisory:vite:tMBsdAS7JBTyRORp0YaJR984WAAsOxgmReSLBN0Nd41GhzEakjROICqAJ31iOdYG5Ijo/MlJ01p3ig1iN88+Tw== Completed in 17ms
1161 timing metavuln:load:security-advisory:vite:jKdCIzePj7J1488qgRXvF8Srh9wutSuR1exB8YooNX62hT+qhtrUXYbArLNoIhgwbaCqKpmduh18syZU7BR9SA== Completed in 58ms
1162 timing reifyNode:node_modules/hasown Completed in 793ms
1163 timing reifyNode:node_modules/micromatch Completed in 794ms
1164 timing reifyNode:node_modules/is-core-module Completed in 794ms
1165 timing reifyNode:node_modules/supports-preserve-symlinks-flag Completed in 808ms
1166 http fetch GET 200 https://registry.npmjs.org/object-hash/-/object-hash-3.0.0.tgz 733ms (cache miss)
1167 timing reifyNode:node_modules/lilconfig Completed in 828ms
1168 timing reifyNode:node_modules/didyoumean Completed in 828ms
1169 http fetch GET 200 https://registry.npmjs.org/is-glob/-/is-glob-4.0.3.tgz 731ms (cache miss)
1170 timing reifyNode:node_modules/is-glob Completed in 829ms
1171 http fetch GET 200 https://registry.npmjs.org/update-browserslist-db/-/update-browserslist-db-1.2.3.tgz 722ms (cache miss)
1172 http fetch GET 200 https://registry.npmjs.org/nanoid/-/nanoid-3.3.11.tgz 725ms (cache miss)
1173 http fetch GET 200 https://registry.npmjs.org/ms/-/ms-2.1.3.tgz 724ms (cache miss)
1174 timing reifyNode:node_modules/ms Completed in 833ms
1175 http fetch GET 200 https://registry.npmjs.org/node-releases/-/node-releases-2.0.38.tgz 723ms (cache miss)
1176 http fetch GET 200 https://registry.npmjs.org/@types/babel__template/-/babel__template-7.4.4.tgz 721ms (cache miss)
1177 timing reifyNode:node_modules/@types/babel__template Completed in 834ms
1178 timing reifyNode:node_modules/mz Completed in 836ms
1179 timing reifyNode:node_modules/arg Completed in 836ms
1180 http fetch GET 200 https://registry.npmjs.org/yallist/-/yallist-3.1.1.tgz 730ms (cache miss)
1181 timing reifyNode:node_modules/object-hash Completed in 842ms
1182 http fetch GET 200 https://registry.npmjs.org/loose-envify/-/loose-envify-1.4.0.tgz 736ms (cache miss)
1183 http fetch GET 200 https://registry.npmjs.org/@types/babel__generator/-/babel__generator-7.27.0.tgz 728ms (cache miss)
1184 timing reifyNode:node_modules/@types/babel__generator Completed in 853ms
1185 timing reifyNode:node_modules/yallist Completed in 856ms
1186 timing reifyNode:node_modules/@alloc/quick-lru Completed in 857ms
1187 http fetch GET 200 https://registry.npmjs.org/lru-cache/-/lru-cache-5.1.1.tgz 737ms (cache miss)
1188 timing reifyNode:node_modules/lru-cache Completed in 863ms
1189 http fetch GET 200 https://registry.npmjs.org/@babel/helper-plugin-utils/-/helper-plugin-utils-7.28.6.tgz 737ms (cache miss)
1190 http fetch GET 200 https://registry.npmjs.org/@babel/helper-validator-option/-/helper-validator-option-7.27.1.tgz 740ms (cache miss)
1191 http fetch GET 200 https://registry.npmjs.org/function-bind/-/function-bind-1.1.2.tgz 811ms (cache miss)
1192 http fetch GET 200 https://registry.npmjs.org/jsesc/-/jsesc-3.1.0.tgz 749ms (cache miss)
1193 http fetch GET 200 https://registry.npmjs.org/@babel/helper-module-imports/-/helper-module-imports-7.28.6.tgz 748ms (cache miss)
1194 http fetch GET 200 https://registry.npmjs.org/@babel/compat-data/-/compat-data-7.29.0.tgz 751ms (cache miss)
1195 http fetch GET 200 https://registry.npmjs.org/debug/-/debug-4.4.3.tgz 742ms (cache miss)
1196 timing reifyNode:node_modules/node-releases Completed in 886ms
1197 timing reifyNode:node_modules/function-bind Completed in 887ms
1198 timing reifyNode:node_modules/postcss-load-config Completed in 887ms
1199 http fetch GET 200 https://registry.npmjs.org/picomatch/-/picomatch-2.3.2.tgz 806ms (cache miss)
1200 http fetch GET 200 https://registry.npmjs.org/@types/babel__traverse/-/babel__traverse-7.28.0.tgz 769ms (cache miss)
1201 http fetch GET 200 https://registry.npmjs.org/convert-source-map/-/convert-source-map-2.0.0.tgz 747ms (cache miss)
1202 timing reifyNode:node_modules/@babel/helper-plugin-utils Completed in 891ms
1203 http fetch GET 200 https://registry.npmjs.org/js-tokens/-/js-tokens-4.0.0.tgz 760ms (cache miss)
1204 http fetch GET 200 https://registry.npmjs.org/@babel/helper-validator-identifier/-/helper-validator-identifier-7.28.5.tgz 761ms (cache miss)
1205 http fetch GET 200 https://registry.npmjs.org/picocolors/-/picocolors-1.1.1.tgz 760ms (cache miss)
1206 http fetch GET 200 https://registry.npmjs.org/@babel/helper-string-parser/-/helper-string-parser-7.27.1.tgz 773ms (cache miss)
1207 timing reifyNode:node_modules/@types/babel__traverse Completed in 897ms
1208 timing reifyNode:node_modules/convert-source-map Completed in 897ms
1209 http fetch GET 200 https://registry.npmjs.org/react-refresh/-/react-refresh-0.17.0.tgz 751ms (cache miss)
1210 timing reifyNode:node_modules/picomatch Completed in 902ms
1211 timing reifyNode:node_modules/loose-envify Completed in 901ms
1212 http fetch GET 200 https://registry.npmjs.org/@babel/helper-globals/-/helper-globals-7.28.0.tgz 777ms (cache miss)
1213 timing reifyNode:node_modules/@babel/helper-string-parser Completed in 903ms
1214 http fetch GET 200 https://registry.npmjs.org/braces/-/braces-3.0.3.tgz 824ms (cache miss)
1215 timing reifyNode:node_modules/js-tokens Completed in 908ms
1216 timing metavuln:cache:put:security-advisory:vite:tMBsdAS7JBTyRORp0YaJR984WAAsOxgmReSLBN0Nd41GhzEakjROICqAJ31iOdYG5Ijo/MlJ01p3ig1iN88+Tw== Completed in 118ms
1217 timing metavuln:calculate:security-advisory:vite:jKdCIzePj7J1488qgRXvF8Srh9wutSuR1exB8YooNX62hT+qhtrUXYbArLNoIhgwbaCqKpmduh18syZU7BR9SA== Completed in 193ms
1218 timing auditReport:init Completed in 611ms
1219 timing reify:audit Completed in 916ms
1220 timing reifyNode:node_modules/update-browserslist-db Completed in 911ms
1221 http fetch GET 200 https://registry.npmjs.org/@rolldown/pluginutils/-/pluginutils-1.0.0-beta.27.tgz 756ms (cache miss)
1222 timing reifyNode:node_modules/postcss-js Completed in 913ms
1223 timing reifyNode:node_modules/braces Completed in 914ms
1224 timing reifyNode:node_modules/@babel/helper-globals Completed in 913ms
1225 timing reifyNode:node_modules/dlv Completed in 917ms
1226 http fetch GET 200 https://registry.npmjs.org/chokidar/-/chokidar-3.6.0.tgz 817ms (cache miss)
1227 timing reifyNode:node_modules/jsesc Completed in 923ms
1228 http fetch GET 200 https://registry.npmjs.org/glob-parent/-/glob-parent-5.1.2.tgz 763ms (cache miss)
1229 http fetch GET 200 https://registry.npmjs.org/@types/babel__core/-/babel__core-7.20.5.tgz 781ms (cache miss)
1230 timing reifyNode:node_modules/@types/babel__core Completed in 927ms
1231 http fetch GET 200 https://registry.npmjs.org/glob-parent/-/glob-parent-5.1.2.tgz 767ms (cache miss)
1232 http fetch GET 200 https://registry.npmjs.org/@babel/plugin-transform-react-jsx-source/-/plugin-transform-react-jsx-source-7.27.1.tgz 781ms (cache miss)
1233 timing reifyNode:node_modules/@babel/plugin-transform-react-jsx-source Completed in 929ms
1234 timing reifyNode:node_modules/fast-glob/node_modules/glob-parent Completed in 932ms
1235 timing reifyNode:node_modules/picocolors Completed in 931ms
1236 timing reifyNode:node_modules/chokidar Completed in 933ms
1237 http fetch GET 200 https://registry.npmjs.org/gensync/-/gensync-1.0.0-beta.2.tgz 794ms (cache miss)
1238 http fetch GET 200 https://registry.npmjs.org/semver/-/semver-6.3.1.tgz 800ms (cache miss)
1239 http fetch GET 200 https://registry.npmjs.org/fdir/-/fdir-6.5.0.tgz 774ms (cache miss)
1240 timing reifyNode:node_modules/postcss-value-parser Completed in 934ms
1241 http fetch GET 200 https://registry.npmjs.org/@jridgewell/resolve-uri/-/resolve-uri-3.1.2.tgz 815ms (cache miss)
1242 timing reifyNode:node_modules/semver Completed in 938ms
1243 timing reifyNode:node_modules/reusify Completed in 940ms
1244 timing reifyNode:node_modules/chokidar/node_modules/glob-parent Completed in 940ms
1245 timing reifyNode:node_modules/gensync Completed in 940ms
1246 timing reifyNode:node_modules/debug Completed in 940ms
1247 timing reifyNode:node_modules/@rolldown/pluginutils Completed in 944ms
1248 http fetch GET 200 https://registry.npmjs.org/baseline-browser-mapping/-/baseline-browser-mapping-2.10.24.tgz 833ms (cache miss)
1249 timing reifyNode:node_modules/@jridgewell/resolve-uri Completed in 946ms
1250 timing reifyNode:node_modules/postcss-import Completed in 948ms
1251 timing reifyNode:node_modules/baseline-browser-mapping Completed in 950ms
1252 timing reifyNode:node_modules/@babel/helper-validator-option Completed in 950ms
1253 timing reifyNode:node_modules/fastq Completed in 957ms
1254 timing reifyNode:node_modules/@babel/helper-validator-identifier Completed in 958ms
1255 http fetch GET 200 https://registry.npmjs.org/browserslist/-/browserslist-4.28.2.tgz 834ms (cache miss)
1256 timing reifyNode:node_modules/tinyglobby/node_modules/fdir Completed in 963ms
1257 http fetch GET 200 https://registry.npmjs.org/@vitejs/plugin-react/-/plugin-react-4.7.0.tgz 807ms (cache miss)
1258 timing reifyNode:node_modules/browserslist Completed in 966ms
1259 timing reifyNode:node_modules/@vitejs/plugin-react Completed in 972ms
1260 timing reifyNode:node_modules/react-refresh Completed in 973ms
1261 timing reifyNode:node_modules/@babel/helper-module-imports Completed in 976ms
1262 http fetch GET 200 https://registry.npmjs.org/@babel/plugin-transform-react-jsx-self/-/plugin-transform-react-jsx-self-7.27.1.tgz 827ms (cache miss)
1263 timing reifyNode:node_modules/@nodelib/fs.stat Completed in 982ms
1264 http fetch GET 200 https://registry.npmjs.org/electron-to-chromium/-/electron-to-chromium-1.5.344.tgz 871ms (cache miss)
1265 timing reifyNode:node_modules/@babel/plugin-transform-react-jsx-self Completed in 982ms
1266 timing reifyNode:node_modules/electron-to-chromium Completed in 986ms
1267 http fetch GET 200 https://registry.npmjs.org/picomatch/-/picomatch-4.0.4.tgz 830ms (cache miss)
1268 timing reifyNode:node_modules/tinyglobby/node_modules/picomatch Completed in 997ms
1269 timing reifyNode:node_modules/es-errors Completed in 997ms
1270 http fetch GET 200 https://registry.npmjs.org/scheduler/-/scheduler-0.23.2.tgz 900ms (cache miss)
1271 timing reifyNode:node_modules/@babel/compat-data Completed in 1010ms
1272 timing reifyNode:node_modules/scheduler Completed in 1014ms
1273 http fetch GET 200 https://registry.npmjs.org/@nodelib/fs.scandir/-/fs.scandir-2.1.5.tgz 944ms (cache miss)
1274 http fetch GET 200 https://registry.npmjs.org/source-map-js/-/source-map-js-1.2.1.tgz 911ms (cache miss)
1275 timing reifyNode:node_modules/@nodelib/fs.scandir Completed in 1024ms
1276 timing reifyNode:node_modules/source-map-js Completed in 1025ms
1277 http fetch GET 200 https://registry.npmjs.org/@babel/helper-compilation-targets/-/helper-compilation-targets-7.28.6.tgz 885ms (cache miss)
1278 timing reifyNode:node_modules/@babel/helper-compilation-targets Completed in 1033ms
1279 http fetch GET 200 https://registry.npmjs.org/@babel/helper-module-transforms/-/helper-module-transforms-7.28.6.tgz 901ms (cache miss)
1280 http fetch GET 200 https://registry.npmjs.org/@babel/template/-/template-7.28.6.tgz 904ms (cache miss)
1281 timing reifyNode:node_modules/@nodelib/fs.walk Completed in 1048ms
1282 timing reifyNode:node_modules/any-promise Completed in 1051ms
1283 timing reifyNode:node_modules/@babel/helper-module-transforms Completed in 1050ms
1284 timing reifyNode:node_modules/@babel/template Completed in 1050ms
1285 http fetch GET 200 https://registry.npmjs.org/fraction.js/-/fraction.js-5.3.4.tgz 937ms (cache miss)
1286 timing reifyNode:node_modules/fraction.js Completed in 1056ms
1287 timing reifyNode:node_modules/nanoid Completed in 1063ms
1288 http fetch GET 200 https://registry.npmjs.org/json5/-/json5-2.2.3.tgz 931ms (cache miss)
1289 timing reifyNode:node_modules/json5 Completed in 1068ms
1290 http fetch GET 200 https://registry.npmjs.org/react/-/react-18.3.1.tgz 925ms (cache miss)
1291 timing reifyNode:node_modules/react Completed in 1085ms
1292 http fetch GET 200 https://registry.npmjs.org/@jridgewell/sourcemap-codec/-/sourcemap-codec-1.5.5.tgz 962ms (cache miss)
1293 timing reifyNode:node_modules/@jridgewell/sourcemap-codec Completed in 1090ms
1294 http fetch GET 200 https://registry.npmjs.org/@rollup/rollup-win32-x64-gnu/-/rollup-win32-x64-gnu-4.60.2.tgz 1050ms (cache miss)
1295 timing reifyNode:node_modules/@rollup/rollup-win32-x64-gnu Completed in 1098ms
1296 http fetch GET 200 https://registry.npmjs.org/@jridgewell/remapping/-/remapping-2.3.5.tgz 972ms (cache miss)
1297 http fetch GET 200 https://registry.npmjs.org/@jridgewell/gen-mapping/-/gen-mapping-0.3.13.tgz 983ms (cache miss)
1298 timing reifyNode:node_modules/@jridgewell/gen-mapping Completed in 1115ms
1299 timing reifyNode:node_modules/@jridgewell/remapping Completed in 1116ms
1300 http fetch GET 200 https://registry.npmjs.org/postcss-selector-parser/-/postcss-selector-parser-6.1.2.tgz 1034ms (cache miss)
1301 timing reifyNode:node_modules/postcss-selector-parser Completed in 1127ms
1302 http fetch GET 200 https://registry.npmjs.org/@rollup/rollup-win32-x64-msvc/-/rollup-win32-x64-msvc-4.60.2.tgz 1086ms (cache miss)
1303 timing reifyNode:node_modules/@rollup/rollup-win32-x64-msvc Completed in 1136ms
1304 http fetch GET 200 https://registry.npmjs.org/@babel/parser/-/parser-7.29.2.tgz 1002ms (cache miss)
1305 timing reifyNode:node_modules/@babel/parser Completed in 1147ms
1306 http fetch GET 200 https://registry.npmjs.org/jiti/-/jiti-1.21.7.tgz 1055ms (cache miss)
1307 timing reifyNode:node_modules/jiti Completed in 1154ms
1308 http fetch GET 200 https://registry.npmjs.org/@jridgewell/trace-mapping/-/trace-mapping-0.3.31.tgz 1057ms (cache miss)
1309 timing reifyNode:node_modules/@jridgewell/trace-mapping Completed in 1189ms
1310 http fetch GET 200 https://registry.npmjs.org/@babel/generator/-/generator-7.29.1.tgz 1048ms (cache miss)
1311 timing reifyNode:node_modules/@babel/generator Completed in 1196ms
1312 http fetch GET 200 https://registry.npmjs.org/fast-glob/-/fast-glob-3.3.3.tgz 1097ms (cache miss)
1313 timing reifyNode:node_modules/fast-glob Completed in 1198ms
1314 http fetch GET 200 https://registry.npmjs.org/postcss/-/postcss-8.5.12.tgz 1046ms (cache miss)
1315 timing reifyNode:node_modules/postcss Completed in 1205ms
1316 http fetch GET 200 https://registry.npmjs.org/rollup/-/rollup-4.60.2.tgz 1158ms (cache miss)
1317 timing reifyNode:node_modules/rollup Completed in 1212ms
1318 http fetch GET 200 https://registry.npmjs.org/@babel/traverse/-/traverse-7.29.0.tgz 1112ms (cache miss)
1319 timing reifyNode:node_modules/@babel/traverse Completed in 1256ms
1320 http fetch GET 200 https://registry.npmjs.org/vite/-/vite-5.4.21.tgz 1116ms (cache miss)
1321 timing reifyNode:node_modules/vite Completed in 1277ms
1322 http fetch GET 200 https://registry.npmjs.org/@babel/code-frame/-/code-frame-7.29.0.tgz 1136ms (cache miss)
1323 timing reifyNode:node_modules/@babel/code-frame Completed in 1285ms
1324 http fetch GET 200 https://registry.npmjs.org/react-dom/-/react-dom-18.3.1.tgz 1157ms (cache miss)
1325 timing reifyNode:node_modules/react-dom Completed in 1314ms
1326 http fetch GET 200 https://registry.npmjs.org/resolve/-/resolve-1.22.12.tgz 1258ms (cache miss)
1327 timing reifyNode:node_modules/resolve Completed in 1343ms
1328 http fetch GET 200 https://registry.npmjs.org/@esbuild/win32-x64/-/win32-x64-0.21.5.tgz 1325ms (cache miss)
1329 timing reifyNode:node_modules/@esbuild/win32-x64 Completed in 1375ms
1330 http fetch GET 200 https://registry.npmjs.org/@babel/core/-/core-7.29.0.tgz 1219ms (cache miss)
1331 timing reifyNode:node_modules/@babel/core Completed in 1374ms
1332 http fetch GET 200 https://registry.npmjs.org/sucrase/-/sucrase-3.35.1.tgz 1373ms (cache miss)
1333 timing reifyNode:node_modules/sucrase Completed in 1464ms
1334 http fetch GET 200 https://registry.npmjs.org/@babel/types/-/types-7.29.0.tgz 1343ms (cache miss)
1335 timing reifyNode:node_modules/@babel/types Completed in 1486ms
1336 http fetch GET 200 https://registry.npmjs.org/autoprefixer/-/autoprefixer-10.5.0.tgz 1330ms (cache miss)
1337 timing reifyNode:node_modules/autoprefixer Completed in 1490ms
1338 http fetch GET 200 https://registry.npmjs.org/@babel/helpers/-/helpers-7.29.2.tgz 1359ms (cache miss)
1339 timing reifyNode:node_modules/@babel/helpers Completed in 1503ms
1340 http fetch GET 200 https://registry.npmjs.org/tailwindcss/-/tailwindcss-3.4.19.tgz 1409ms (cache miss)
1341 timing reifyNode:node_modules/tailwindcss Completed in 1558ms
1342 http fetch GET 200 https://registry.npmjs.org/caniuse-lite/-/caniuse-lite-1.0.30001791.tgz 1738ms (cache miss)
1343 timing reifyNode:node_modules/caniuse-lite Completed in 1856ms
1344 timing reify:unpack Completed in 1859ms
1345 timing reify:unretire Completed in 0ms
1346 timing build:queue Completed in 4ms
1347 timing build:link:node_modules/@babel/parser Completed in 19ms
1348 timing build:link:node_modules/browserslist Completed in 18ms
1349 timing build:link:node_modules/baseline-browser-mapping Completed in 18ms
1350 timing build:link:node_modules/esbuild Completed in 18ms
1351 timing build:link:node_modules/cssesc Completed in 18ms
1352 timing build:link:node_modules/autoprefixer Completed in 18ms
1353 timing build:link:node_modules/loose-envify Completed in 17ms
1354 timing build:link:node_modules/jsesc Completed in 17ms
1355 timing build:link:node_modules/json5 Completed in 17ms
1356 timing build:link:node_modules/resolve Completed in 17ms
1357 timing build:link:node_modules/nanoid Completed in 17ms
1358 timing build:link:node_modules/jiti Completed in 18ms
1359 timing build:link:node_modules/semver Completed in 17ms
1360 timing build:link:node_modules/sucrase Completed in 17ms
1361 timing build:link:node_modules/rollup Completed in 17ms
1362 timing build:link:node_modules/tailwindcss Completed in 17ms
1363 timing build:link:node_modules/vite Completed in 18ms
1364 timing build:link:node_modules/update-browserslist-db Completed in 18ms
1365 timing build:link Completed in 20ms
1366 info run esbuild@0.21.5 postinstall node_modules/esbuild node install.js
1367 info run esbuild@0.21.5 postinstall { code: undefined, signal: undefined }
1368 notice
1368 notice New major version of npm available! 8.19.3 -> 11.13.0
1368 notice Changelog: <https://github.com/npm/cli/releases/tag/v11.13.0>
1368 notice Run `npm install -g npm@11.13.0` to update!
1368 notice
1369 verbose stack Error: spawn EPERM
1369 verbose stack     at ChildProcess.spawn (node:internal/child_process:420:11)
1369 verbose stack     at spawn (node:child_process:757:9)
1369 verbose stack     at C:\Program Files\nodejs\node_modules\npm\node_modules\@npmcli\promise-spawn\lib\index.js:35:12
1369 verbose stack     at new Promise (<anonymous>)
1369 verbose stack     at promiseSpawnUid (C:\Program Files\nodejs\node_modules\npm\node_modules\@npmcli\promise-spawn\lib\index.js:34:13)
1369 verbose stack     at promiseSpawn (C:\Program Files\nodejs\node_modules\npm\node_modules\@npmcli\promise-spawn\lib\index.js:14:10)
1369 verbose stack     at runScriptPkg (C:\Program Files\nodejs\node_modules\npm\node_modules\@npmcli\run-script\lib\run-script-pkg.js:79:13)
1369 verbose stack     at runScript (C:\Program Files\nodejs\node_modules\npm\node_modules\@npmcli\run-script\lib\run-script.js:9:16)
1369 verbose stack     at Array.<anonymous> (C:\Program Files\nodejs\node_modules\npm\node_modules\@npmcli\arborist\lib\arborist\rebuild.js:353:17)
1369 verbose stack     at run (C:\Program Files\nodejs\node_modules\npm\node_modules\promise-call-limit\index.js:30:26)
1370 verbose cwd D:\Usuario\Documents\repos\Marca\neurion
1371 verbose Windows_NT 10.0.26200
1372 verbose node v19.1.0
1373 verbose npm  v8.19.3
1374 error code EPERM
1375 error syscall spawn
1376 error errno -4048
1377 error Error: spawn EPERM
1377 error     at ChildProcess.spawn (node:internal/child_process:420:11)
1377 error     at spawn (node:child_process:757:9)
1377 error     at C:\Program Files\nodejs\node_modules\npm\node_modules\@npmcli\promise-spawn\lib\index.js:35:12
1377 error     at new Promise (<anonymous>)
1377 error     at promiseSpawnUid (C:\Program Files\nodejs\node_modules\npm\node_modules\@npmcli\promise-spawn\lib\index.js:34:13)
1377 error     at promiseSpawn (C:\Program Files\nodejs\node_modules\npm\node_modules\@npmcli\promise-spawn\lib\index.js:14:10)
1377 error     at runScriptPkg (C:\Program Files\nodejs\node_modules\npm\node_modules\@npmcli\run-script\lib\run-script-pkg.js:79:13)
1377 error     at runScript (C:\Program Files\nodejs\node_modules\npm\node_modules\@npmcli\run-script\lib\run-script.js:9:16)
1377 error     at Array.<anonymous> (C:\Program Files\nodejs\node_modules\npm\node_modules\@npmcli\arborist\lib\arborist\rebuild.js:353:17)
1377 error     at run (C:\Program Files\nodejs\node_modules\npm\node_modules\promise-call-limit\index.js:30:26) {
1377 error   errno: -4048,
1377 error   code: 'EPERM',
1377 error   syscall: 'spawn'
1377 error }
1378 error
1378 error The operation was rejected by your operating system.
1378 error It's possible that the file was already in use (by a text editor or antivirus),
1378 error or that you lack permissions to access it.
1378 error
1378 error If you believe this might be a permissions issue, please double-check the
1378 error permissions of the file and its containing directories, or try running
1378 error the command again as root/Administrator.
1379 verbose exit -4048
1380 timing npm Completed in 10287ms
1381 verbose unfinished npm timer command:install 1777433912407
1382 verbose unfinished npm timer reify 1777433912409
1383 verbose unfinished npm timer reify:build 1777433922470
1384 verbose unfinished npm timer build 1777433922471
1385 verbose unfinished npm timer build:deps 1777433922471
1386 verbose unfinished npm timer build:run:postinstall 1777433922495
1387 verbose unfinished npm timer build:run:postinstall:node_modules/esbuild 1777433922495
1388 verbose unfinished npm timer reify:rollback:createSparse 1777433922505
1389 verbose code -4048
1390 error A complete log of this run can be found in:
1390 error     D:\Usuario\Documents\repos\Marca\neurion\.npm-cache\_logs\2026-04-29T03_38_32_223Z-debug-0.log
